trade_date,cusip,ytm,close_price
12/1/21,912920AK1,2.702,116.2463
12/2/21,912920AK1,2.541,116.8431
12/3/21,912920AK1,2.45,117.1894
12/6/21,912920AK1,2.675,116.2949
12/7/21,912920AK1,2.62,116.4983
12/8/21,912920AK1,2.641,116.4047
12/9/21,912920AK1,2.648,116.3428
12/10/21,912920AK1,2.627,116.413
12/13/21,912920AK1,2.573,116.6118
12/14/21,912920AK1,2.594,116.5183
12/15/21,912920AK1,2.685,116.1533
12/16/21,912920AK1,2.685,116.1191
12/17/21,912920AK1,2.677,116.1386
12/20/21,912920AK1,2.68,116.1156
12/21/21,912920AK1,2.591,116.4482
12/22/21,912920AK1,2.7048,115.9971
12/23/21,912920AK1,2.556,116.5366
12/24/21,912920AK1,2.5534,116.5351
12/27/21,912920AK1,2.69,115.9974
12/28/21,912920AK1,2.687,115.9975
12/29/21,912920AK1,2.6837,115.9902
12/30/21,912920AK1,2.668,116.0362
12/31/21,912920AK1,2.685,115.9596
1/3/22,912920AK1,2.66,116.0439
1/4/22,912920AK1,2.733,115.7537
1/5/22,912920AK1,2.794,115.5104
1/6/22,912920AK1,2.818,115.3863
1/7/22,912920AK1,2.89,115.1032
1/10/22,912920AK1,2.905,115.0358
1/11/22,912920AK1,2.757,115.5841
1/12/22,912920AK1,2.934,114.9053
1/13/22,912920AK1,2.894,115.0127
1/14/22,912920AK1,2.966,114.7324
1/17/22,912920AK1,3.0174,114.5405
1/18/22,912920AK1,3.058,114.3787
1/19/22,912920AK1,3.093,114.2383
1/20/22,912920AK1,3.095,114.2003
1/21/22,912920AK1,3.149,113.9904
1/24/22,912920AK1,3.122,114.0801
1/25/22,912920AK1,3.133,114.0294
1/26/22,912920AK1,3.276,113.4933
1/27/22,912920AK1,3.219,113.6629
1/28/22,912920AK1,3.402,113.0044
1/31/22,912920AK1,3.265,113.495
2/1/22,912920AK1,3.403,112.9822
2/2/22,912920AK1,3.354,113.1511
2/3/22,912920AK1,3.539,112.4534
2/4/22,912920AK1,3.72,111.7947
2/7/22,912920AK1,3.839,111.3619
2/8/22,912920AK1,3.807,111.4677
2/9/22,912920AK1,3.389,112.9585
2/10/22,912920AK1,3.861,111.2436
2/11/22,912920AK1,3.905,111.08
2/14/22,912920AK1,3.986,110.7867
2/15/22,912920AK1,3.424,112.7767
2/16/22,912920AK1,3.381,112.9221
2/17/22,912920AK1,3.622,112.0247
2/18/22,912920AK1,3.618,112.0302
2/21/22,912920AK1,3.5964,112.107
2/22/22,912920AK1,4.057,110.4775
2/23/22,912920AK1,3.997,110.6794
2/24/22,912920AK1,4.017,110.612
2/25/22,912920AK1,4.021,110.5503
2/28/22,912920AK1,4.042,110.4699
3/1/22,912920AK1,4.036,110.4832
3/2/22,912920AK1,4.037,110.4722
3/3/22,912920AK1,3.887,110.9695
3/4/22,912920AK1,4.1,110.225
3/7/22,912920AK1,4.333,109.4194
3/8/22,912920AK1,4.344,109.3752
3/9/22,912920AK1,4.529,108.741
3/10/22,912920AK1,4.562,108.6112
3/11/22,912920AK1,4.52,108.7466
3/14/22,912920AK1,4.532,108.6996
3/15/22,912920AK1,4.557,108.6089
3/16/22,912920AK1,4.641,108.3207
3/17/22,912920AK1,4.426,109.0229
3/18/22,912920AK1,4.454,108.9218
3/21/22,912920AK1,4.45,108.9285
3/22/22,912920AK1,4.504,108.7406
3/23/22,912920AK1,4.427,108.9921
3/24/22,912920AK1,4.478,108.8008
3/25/22,912920AK1,4.63,108.2877
3/28/22,912920AK1,4.491,108.744
3/29/22,912920AK1,4.492,108.7205
3/30/22,912920AK1,4.476,108.7873
3/31/22,912920AK1,4.575,108.4383
4/1/22,912920AK1,4.487,108.7239
4/4/22,912920AK1,4.243,109.5314
4/5/22,912920AK1,4.52,108.601
4/6/22,912920AK1,4.33,109.2261
4/7/22,912920AK1,4.626,108.225
4/8/22,912920AK1,4.651,108.1365
4/11/22,912920AK1,4.726,107.8843
4/12/22,912920AK1,4.775,107.718
4/13/22,912920AK1,4.741,107.805
4/14/22,912920AK1,4.82,107.542
4/15/22,912920AK1,4.8087,107.5787
4/18/22,912920AK1,4.549,108.4202
4/19/22,912920AK1,4.735,107.8065
4/20/22,912920AK1,4.711,107.8785
4/21/22,912920AK1,4.738,107.7727
4/22/22,912920AK1,4.775,107.6468
4/25/22,912920AK1,4.337,109.0687
4/26/22,912920AK1,4.378,108.9271
4/27/22,912920AK1,4.469,108.6226
4/28/22,912920AK1,4.395,108.8439
4/29/22,912920AK1,4.504,108.482
5/2/22,912920AK1,4.568,108.2678
5/3/22,912920AK1,4.67,107.9317
5/4/22,912920AK1,4.566,108.2614
5/5/22,912920AK1,4.612,108.0937
5/6/22,912920AK1,5.002,106.8405
5/9/22,912920AK1,5.149,106.3701
5/10/22,912920AK1,5.251,106.0442
5/11/22,912920AK1,5.035,106.7201
5/12/22,912920AK1,4.972,106.9035
5/13/22,912920AK1,5.003,106.8001
5/16/22,912920AK1,4.967,106.9085
5/17/22,912920AK1,5.121,106.4184
5/18/22,912920AK1,5.058,106.6112
5/19/22,912920AK1,4.992,106.8029
5/20/22,912920AK1,5.546,105.0748
5/23/22,912920AK1,5.604,104.8926
5/24/22,912920AK1,5.551,105.0515
5/25/22,912920AK1,5.554,105.0383
5/26/22,912920AK1,5.58,104.9268
5/27/22,912920AK1,5.142,106.2932
5/30/22,912920AK1,5.2331,106.0105
5/31/22,912920AK1,5.168,106.2076
6/1/22,912920AK1,5.135,106.305
6/2/22,912920AK1,5.139,106.2778
6/3/22,912920AK1,5.14,106.2698
6/6/22,912920AK1,5.227,105.9965
6/7/22,912920AK1,4.842,107.1847
6/8/22,912920AK1,4.893,107.0202
6/9/22,912920AK1,4.934,106.8764
6/10/22,912920AK1,5.171,106.1401
6/13/22,912920AK1,5.425,105.3593
6/14/22,912920AK1,5.525,105.0518
6/15/22,912920AK1,5.291,105.7588
6/16/22,912920AK1,5.796,104.2186
6/17/22,912920AK1,6.069,103.4044
6/20/22,912920AK1,6.1167,103.2636
6/21/22,912920AK1,5.897,103.9114
6/22/22,912920AK1,6.099,103.3106
6/23/22,912920AK1,6.039,103.4796
6/24/22,912920AK1,6.05,103.4445
6/27/22,912920AK1,6.122,103.2303
6/28/22,912920AK1,6.011,103.5539
6/29/22,912920AK1,6.219,102.9416
6/30/22,912920AK1,6.221,102.9267
7/1/22,912920AK1,6.057,103.4028
7/4/22,912920AK1,6.1069,103.2569
7/5/22,912920AK1,6.027,103.4879
7/6/22,912920AK1,6.242,102.8591
7/7/22,912920AK1,6.365,102.4973
7/8/22,912920AK1,6.169,103.0617
7/11/22,912920AK1,6.132,103.1666
7/12/22,912920AK1,5.795,104.1466
7/13/22,912920AK1,5.861,103.9502
7/14/22,912920AK1,5.864,103.9323
7/15/22,912920AK1,6.312,102.6341
7/18/22,912920AK1,5.947,103.6849
7/19/22,912920AK1,5.933,103.7227
7/20/22,912920AK1,5.822,104.0422
7/21/22,912920AK1,5.796,104.1083
7/22/22,912920AK1,5.902,103.7979
7/25/22,912920AK1,5.909,103.7748
7/26/22,912920AK1,5.708,104.3541
7/27/22,912920AK1,5.802,104.0781
7/28/22,912920AK1,5.809,104.0516
7/29/22,912920AK1,5.561,104.7675
8/1/22,912920AK1,5.631,104.5603
8/2/22,912920AK1,5.636,104.5422
8/3/22,912920AK1,5.681,104.4084
8/4/22,912920AK1,5.743,104.2194
8/5/22,912920AK1,5.711,104.3082
8/8/22,912920AK1,5.717,104.2875
8/9/22,912920AK1,5.755,104.175
8/10/22,912920AK1,5.822,103.9798
8/11/22,912920AK1,5.915,103.7055
8/12/22,912920AK1,5.806,104.0131
8/15/22,912920AK1,5.742,104.1927
8/16/22,912920AK1,5.73,104.2237
8/17/22,912920AK1,5.81,103.9924
8/18/22,912920AK1,5.793,104.0314
8/19/22,912920AK1,5.789,104.0396
8/22/22,912920AK1,5.785,104.0478
8/23/22,912920AK1,5.837,103.8974
8/24/22,912920AK1,5.873,103.7927
8/25/22,912920AK1,5.63,104.4709
8/26/22,912920AK1,5.752,104.1221
8/29/22,912920AK1,5.929,103.6035
8/30/22,912920AK1,5.879,103.7613
8/31/22,912920AK1,6.038,103.3132
9/1/22,912920AK1,6.519,101.9751
9/2/22,912920AK1,5.547,104.6771
9/5/22,912920AK1,5.5953,104.5408
9/6/22,912920AK1,5.684,104.2874
9/7/22,912920AK1,5.599,104.5231
9/8/22,912920AK1,5.679,104.288
9/9/22,912920AK1,5.711,104.1951
9/12/22,912920AK1,5.753,104.0746
9/13/22,912920AK1,6.223,102.7715
9/14/22,912920AK1,6.009,103.3577
9/15/22,912920AK1,6.118,103.0486
9/16/22,912920AK1,6.102,103.0896
9/19/22,912920AK1,5.943,103.5238
9/20/22,912920AK1,6.222,102.7558
9/21/22,912920AK1,6.241,102.7014
9/22/22,912920AK1,6.323,102.4711
9/23/22,912920AK1,6.413,102.2254
9/26/22,912920AK1,6.349,102.396
9/27/22,912920AK1,6.284,102.5695
9/28/22,912920AK1,6.526,101.9151
9/29/22,912920AK1,6.294,102.5327
9/30/22,912920AK1,6.215,102.7434
10/3/22,912920AK1,6.123,102.9894
10/4/22,912920AK1,6.212,102.7463
10/5/22,912920AK1,6.216,102.7329
10/6/22,912920AK1,6.223,102.7037
10/7/22,912920AK1,6.309,102.4708
10/10/22,912920AK1,6.3204,102.4403
10/11/22,912920AK1,6.4,102.2256
10/12/22,912920AK1,6.744,101.3128
10/13/22,912920AK1,6.86,101.0046
10/14/22,912920AK1,6.871,100.9748
10/17/22,912920AK1,6.851,101.026
10/18/22,912920AK1,6.85,101.0275
10/19/22,912920AK1,6.829,101.0812
10/21/22,912920AK1,6.839,101.0506
10/24/22,912920AK1,6.821,101.0962
10/25/22,912920AK1,6.827,101.0795
10/26/22,912920AK1,7.286,99.8962
10/27/22,912920AK1,6.709,101.3622
10/28/22,912920AK1,6.446,102.0669
10/31/22,912920AK1,6.76,101.2473
11/1/22,912920AK1,6.724,101.3393
11/2/22,912920AK1,6.778,101.1982
11/3/22,912920AK1,7.348,99.7382
11/4/22,912920AK1,7.291,99.8826
11/7/22,912920AK1,7.452,99.4759
11/8/22,912920AK1,7.436,99.5165
11/9/22,912920AK1,7.609,99.0846
11/10/22,912920AK1,7.528,99.2875
11/11/22,912920AK1,7.5645,99.1964
11/14/22,912920AK1,7.524,99.298
11/15/22,912920AK1,7.512,99.3285
11/16/22,912920AK1,7.614,99.0748
11/17/22,912920AK1,7.542,99.2557
11/18/22,912920AK1,7.557,99.219
11/21/22,912920AK1,7.362,99.7048
11/22/22,912920AK1,7.558,99.2183
11/23/22,912920AK1,7.37,99.6858
11/24/22,912920AK1,7.3222,99.8046
11/25/22,912920AK1,7.366,99.6959
11/28/22,912920AK1,7.365,99.6986
11/29/22,912920AK1,7.427,99.5453
11/30/22,912920AK1,7.276,99.9196
12/1/22,912920AK1,7.177,100.1652
12/2/22,912920AK1,7.207,100.0906
12/5/22,912920AK1,7.336,99.7716
12/6/22,912920AK1,7.313,99.8284
12/7/22,912920AK1,7.205,100.0951
12/8/22,912920AK1,7.264,99.9494
12/9/22,912920AK1,7.308,99.8413
12/12/22,912920AK1,7.545,99.2621
12/13/22,912920AK1,7.481,99.4186
12/14/22,912920AK1,7.454,99.485
12/15/22,912920AK1,7.447,99.5034
12/16/22,912920AK1,7.518,99.3315
12/19/22,912920AK1,7.513,99.3442
12/20/22,912920AK1,7.248,99.9888
12/21/22,912920AK1,7.2,100.106
12/22/22,912920AK1,7.242,100.0036
12/23/22,912920AK1,6.743,101.2237
12/27/22,912920AK1,6.369,102.1484
12/28/22,912920AK1,6.381,102.1166
12/29/22,912920AK1,6.367,102.1454
12/30/22,912920AK1,6.427,101.995
1/2/23,912920AK1,6.3928,102.0797
1/3/23,912920AK1,6.356,102.1687
1/4/23,912920AK1,6.31,102.2806
1/5/23,912920AK1,6.414,102.0178
1/6/23,912920AK1,6.208,102.5243
1/9/23,912920AK1,6.158,102.6457
1/10/23,912920AK1,7.127,100.2804
1/11/23,912920AK1,7.37,99.6988
1/12/23,912920AK1,7.295,99.8787
1/13/23,912920AK1,7.664,99.0063
1/16/23,912920AK1,7.689,98.9476
1/17/23,912920AK1,7.535,99.3111
1/18/23,912920AK1,7.465,99.477
1/19/23,912920AK1,7.789,98.7197
1/20/23,912920AK1,7.747,98.8189
1/23/23,912920AK1,7.502,99.3933
1/24/23,912920AK1,7.512,99.3705
1/25/23,912920AK1,7.493,99.4158
1/26/23,912920AK1,7.517,99.3619
1/27/23,912920AK1,7.501,99.3792
1/30/23,912920AK1,7.712,98.9091
1/31/23,912920AK1,7.175,100.1646
2/1/23,912920AK1,7.46,99.4971
2/2/23,912920AK1,7.35,99.7554
2/3/23,912920AK1,7.547,99.298
2/6/23,912920AK1,7.554,99.2827
2/7/23,912920AK1,7.396,99.6498
2/8/23,912920AK1,7.709,98.9272
2/9/23,912920AK1,8.224,97.7589
2/10/23,912920AK1,8.565,96.9955
2/13/23,912920AK1,7.1926,100.1243
2/14/23,912920AK1,7.5755,99.2406
2/15/23,912920AK1,7.8455,98.6251
2/16/23,912920AK1,7.864,98.5896
2/17/23,912920AK1,7.8964,98.5179
2/20/23,912920AK1,7.9354,98.4299
2/21/23,912920AK1,7.798,98.7423
2/22/23,912920AK1,7.7882,98.7658
2/23/23,912920AK1,7.7842,98.7795
2/24/23,912920AK1,7.8964,98.5722
2/27/23,912920AK1,8.3586,97.505
2/28/23,912920AK1,8.1574,97.9535
3/1/23,912920AK1,8.4746,97.255
3/2/23,912920AK1,8.5788,97.0362
3/3/23,912920AK1,7.7682,98.8304
3/6/23,912920AK1,8.1344,98.0187
3/7/23,912920AK1,8.5433,97.1234
3/8/23,912920AK1,8.7776,96.6177
3/9/23,912920AK1,9.194,95.7352
3/10/23,912920AK1,9.5441,94.9971
3/13/23,912920AK1,9.0393,96.0746
3/14/23,912920AK1,8.8407,96.5037
3/15/23,912920AK1,8.5125,97.2146
3/16/23,912920AK1,9.8378,94.4108
3/17/23,912920AK1,9.5372,95.0437
3/20/23,912920AK1,9.7451,94.6138
3/21/23,912920AK1,9.8022,94.5001
3/22/23,912920AK1,9.4029,95.3388
3/23/23,912920AK1,9.8185,94.4865
3/24/23,912920AK1,9.8144,94.5
3/27/23,912920AK1,10.3042,93.5
3/28/23,912920AK1,10.4301,93.25
3/29/23,912920AK1,10.4202,93.25
3/30/23,912920AK1,10.4395,93.25
3/31/23,912920AK1,10.8156,92.5
4/3/23,912920AK1,10.5077,93.125
4/4/23,912920AK1,10.6976,92.75
4/5/23,912920AK1,10.9628,92.25
4/6/23,912920AK1,10.9665,92.25
4/7/23,912920AK1,10.9665,92.25
4/10/23,912920AK1,10.9703,92.25
4/11/23,912920AK1,10.974,92.25
4/12/23,912920AK1,10.9778,92.25
4/13/23,912920AK1,10.9891,92.25
4/14/23,912920AK1,10.7393,92.75
4/17/23,912920AK1,10.7429,92.75
4/18/23,912920AK1,10.7464,92.75
4/19/23,912920AK1,10.877,92.5
4/20/23,912920AK1,11.6617,91
4/21/23,912920AK1,11.6663,91
4/24/23,912920AK1,11.1523,92
4/25/23,912920AK1,11.1563,92
4/26/23,912920AK1,12.4732,89.5
4/27/23,912920AK1,11.3023,91.75
4/28/23,912920AK1,12.8999,88.75
5/1/23,912920AK1,13.1784,88.25
5/2/23,912920AK1,13.1847,88.25
5/3/23,912920AK1,13.191,88.25
5/4/23,912920AK1,12.3267,89.875
5/5/23,912920AK1,12.265,90
5/8/23,912920AK1,13.4994,87.75
5/9/23,912920AK1,13.1604,88.375
5/10/23,912920AK1,13.9324,87
5/11/23,912920AK1,13.9541,87
5/12/23,912920AK1,13.9614,87
5/15/23,912920AK1,17.1335,81.625
5/16/23,912920AK1,17.0677,81.75
5/17/23,912920AK1,17.2322,81.5
5/18/23,912920AK1,17.4978,81.125
5/19/23,912920AK1,17.5092,81.125
5/22/23,912920AK1,17.5206,81.125
5/23/23,912920AK1,17.2988,81.5
5/24/23,912920AK1,17.6999,80.875
5/25/23,912920AK1,17.3553,81.5
5/26/23,912920AK1,17.3427,81.5
5/29/23,912920AK1,17.3427,81.5
5/30/23,912920AK1,17.0558,82
5/31/23,912920AK1,16.758,82.5
6/1/23,912920AK1,16.7903,82.5
6/2/23,912920AK1,16.4932,83
6/5/23,912920AK1,15.2939,85
6/6/23,912920AK1,15.3031,85
6/7/23,912920AK1,13.1337,88.75
6/8/23,912920AK1,13.1538,88.75
6/9/23,912920AK1,13.1605,88.75
6/12/23,912920AK1,13.1673,88.75
6/13/23,912920AK1,13.1741,88.75
6/14/23,912920AK1,13.1809,88.75
6/15/23,912920AK1,13.2084,88.75
6/16/23,912920AK1,13.2153,88.75
6/19/23,912920AK1,11.6695,91.5
6/20/23,912920AK1,11.1264,92.5
6/21/23,912920AK1,11.6798,91.5
6/22/23,912920AK1,11.6953,91.5
6/23/23,912920AK1,10.3362,94
6/26/23,912920AK1,10.6092,93.5
6/27/23,912920AK1,11.9903,91
6/28/23,912920AK1,9.2847,96
6/29/23,912920AK1,9.5558,95.5
6/30/23,912920AK1,8.7731,97
7/3/23,912920AK1,8.775,97
7/4/23,912920AK1,8.775,97
7/5/23,912920AK1,9.3018,96
7/6/23,912920AK1,9.3092,96
7/7/23,912920AK1,9.3117,96
7/10/23,912920AK1,9.3143,96
7/11/23,912920AK1,9.3168,96
7/12/23,912920AK1,9.2527,96.125
7/13/23,912920AK1,8.5326,97.5
7/14/23,912920AK1,9.3295,96
7/17/23,912920AK1,8.9984,96.625
7/18/23,912920AK1,9.2007,96.25
7/19/23,912920AK1,8.8034,97
7/20/23,912920AK1,9.6157,95.5
7/21/23,912920AK1,9.6187,95.5
7/24/23,912920AK1,9.0809,96.5
7/25/23,912920AK1,9.2179,96.25
7/26/23,912920AK1,9.4235,95.875
7/27/23,912920AK1,9.1469,96.375
7/28/23,912920AK1,9.0927,96.5
7/31/23,912920AK1,8.6243,97.375
8/1/23,912920AK1,9.0974,96.5
8/2/23,912920AK1,9.0998,96.5
8/3/23,912920AK1,9.107,96.5
8/4/23,912920AK1,9.6583,95.5
8/7/23,912920AK1,8.8398,97
8/8/23,912920AK1,8.5713,97.5
8/9/23,912920AK1,8.7083,97.25
8/10/23,912920AK1,8.5785,97.5
8/11/23,912920AK1,8.7162,97.25
8/14/23,912920AK1,8.7182,97.25
8/15/23,912920AK1,8.5839,97.5
8/16/23,912920AK1,8.5857,97.5
8/17/23,912920AK1,8.4547,97.75
8/18/23,912920AK1,8.7302,97.25
8/21/23,912920AK1,8.5949,97.5
8/22/23,912920AK1,8.7343,97.25
8/23/23,912920AK1,8.8053,97.125
8/24/23,912920AK1,8.8812,97
8/25/23,912920AK1,9.6554,95.625
8/28/23,912920AK1,9.3055,96.25
8/29/23,912920AK1,9.4351,96
8/30/23,912920AK1,9.3084,96.25
8/31/23,912920AK1,8.8972,97
9/1/23,912920AK1,9.4647,96
9/4/23,912920AK1,9.4647,96
9/5/23,912920AK1,10.1135,94.875
9/6/23,912920AK1,9.9008,95.25
9/7/23,912920AK1,9.8396,95.375
9/8/23,912920AK1,9.9881,95.125
9/11/23,912920AK1,9.5583,95.875
9/12/23,912920AK1,9.9231,95.25
9/13/23,912920AK1,8.992,96.875
9/14/23,912920AK1,8.998,96.875
9/15/23,912920AK1,9.0001,96.875
9/18/23,912920AK1,8.7879,97.25
9/19/23,912920AK1,9.2198,96.5
9/20/23,912920AK1,9.2943,96.375
9/21/23,912920AK1,9.0125,96.875
9/22/23,912920AK1,8.8706,97.125
9/25/23,912920AK1,8.8725,97.125
9/26/23,912920AK1,8.8024,97.25
9/27/23,912920AK1,9.5309,96
9/28/23,912920AK1,9.5393,96
9/29/23,912920AK1,9.395,96.25
10/2/23,912920AK1,9.2509,96.5
10/3/23,912920AK1,9.8442,95.5
10/4/23,912920AK1,9.403,96.25
10/5/23,912920AK1,9.9356,95.375
10/6/23,912920AK1,10.6199,94.25
10/9/23,912920AK1,10.6199,94.25
10/10/23,912920AK1,9.345,96.375
10/11/23,912920AK1,9.422,96.25
10/12/23,912920AK1,9.7301,95.75
10/13/23,912920AK1,9.7333,95.75
10/16/23,912920AK1,9.5859,96
10/17/23,912920AK1,9.7397,95.75
10/18/23,912920AK1,9.592,96
10/19/23,912920AK1,9.9048,95.5
10/20/23,912920AK1,9.9083,95.5
10/23/23,912920AK1,9.8354,95.625
10/24/23,912920AK1,9.9153,95.5
10/25/23,912920AK1,10.1492,95.125
10/26/23,912920AK1,9.9295,95.5
10/27/23,912920AK1,9.994,95.375
10/30/23,912920AK1,10.2422,95
10/31/23,912920AK1,9.7827,95.75
11/1/23,912920AK1,9.8631,95.625
11/2/23,912920AK1,9.9512,95.5
11/3/23,912920AK1,10.6592,94.375
11/6/23,912920AK1,10.5062,94.625
11/7/23,912920AK1,11.0658,93.75
11/8/23,912920AK1,14.3834,88.75
11/9/23,912920AK1,14.2414,89
11/10/23,912920AK1,14.9446,88
11/13/23,912920AK1,14.607,88.5
11/14/23,912920AK1,13.9273,89.5
11/15/23,912920AK1,14.4542,88.75
11/16/23,912920AK1,13.9653,89.5
11/17/23,912920AK1,11.8666,92.625
11/20/23,912920AK1,11.2171,93.625
11/21/23,912920AK1,11.1469,93.75
11/22/23,912920AK1,11.0819,93.875
11/23/23,912920AK1,11.0819,93.875
11/24/23,912920AK1,11.0874,93.875
11/27/23,912920AK1,10.8476,94.25
11/28/23,912920AK1,10.9346,94.125
11/29/23,912920AK1,10.8581,94.25
11/30/23,912920AK1,10.8738,94.25
12/1/23,912920AK1,10.797,94.375
12/4/23,912920AK1,10.5561,94.75
12/5/23,912920AK1,10.4791,94.875
12/6/23,912920AK1,10.2387,95.25
12/7/23,912920AK1,10.252,95.25
12/8/23,912920AK1,10.1745,95.375
12/11/23,912920AK1,10.4254,95
12/12/23,912920AK1,10.3477,95.125
12/13/23,912920AK1,10.2699,95.25
12/14/23,912920AK1,9.3012,96.75
12/15/23,912920AK1,8.4996,98
12/18/23,912920AK1,9.3074,96.75
12/1/21,90131HAY1,2.654,121.5024
12/2/21,90131HAY1,2.694,121.2656
12/3/21,90131HAY1,2.606,121.6984
12/6/21,90131HAY1,2.683,121.298
12/7/21,90131HAY1,2.732,121.04
12/8/21,90131HAY1,2.778,120.798
12/9/21,90131HAY1,2.747,120.9193
12/10/21,90131HAY1,2.732,120.983
12/13/21,90131HAY1,2.664,121.3125
12/14/21,90131HAY1,2.691,121.1655
12/15/21,90131HAY1,2.708,121.0688
12/16/21,90131HAY1,2.674,121.2044
12/17/21,90131HAY1,2.657,121.2779
12/20/21,90131HAY1,2.678,121.1613
12/21/21,90131HAY1,2.717,120.9551
12/22/21,90131HAY1,2.7099,120.979
12/23/21,90131HAY1,2.7463,120.7638
12/24/21,90131HAY1,2.7427,120.7704
12/27/21,90131HAY1,2.727,120.8368
12/28/21,90131HAY1,2.734,120.7907
12/29/21,90131HAY1,2.8096,120.3958
12/30/21,90131HAY1,2.7593,120.6314
12/31/21,90131HAY1,2.764,120.5968
1/3/22,90131HAY1,2.887,119.9801
1/4/22,90131HAY1,2.899,119.9103
1/5/22,90131HAY1,2.95,119.6499
1/6/22,90131HAY1,2.978,119.4812
1/7/22,90131HAY1,3.016,119.2857
1/10/22,90131HAY1,3.005,119.3286
1/11/22,90131HAY1,2.996,119.3617
1/12/22,90131HAY1,3.002,119.322
1/13/22,90131HAY1,2.951,119.5269
1/14/22,90131HAY1,3.041,119.0805
1/17/22,90131HAY1,3.0679,118.9506
1/18/22,90131HAY1,3.125,118.6655
1/19/22,90131HAY1,3.104,118.7562
1/20/22,90131HAY1,3.061,118.932
1/21/22,90131HAY1,3.015,119.1429
1/24/22,90131HAY1,3.026,119.0794
1/25/22,90131HAY1,3.046,118.9728
1/26/22,90131HAY1,2.959,119.381
1/27/22,90131HAY1,2.933,119.4643
1/28/22,90131HAY1,2.891,119.6768
1/31/22,90131HAY1,2.884,119.6997
2/1/22,90131HAY1,2.894,119.6405
2/2/22,90131HAY1,2.88,119.6971
2/3/22,90131HAY1,2.944,119.3567
2/4/22,90131HAY1,3.043,118.8722
2/7/22,90131HAY1,3.04,118.8904
2/8/22,90131HAY1,3.09,118.6418
2/9/22,90131HAY1,3.09,118.6077
2/10/22,90131HAY1,3.24,117.8959
2/11/22,90131HAY1,3.1,118.5144
2/14/22,90131HAY1,3.18,118.1495
2/15/22,90131HAY1,3.21,118.0028
2/16/22,90131HAY1,3.19,118.0634
2/17/22,90131HAY1,3.12,118.3765
2/18/22,90131HAY1,3.09,118.5077
2/21/22,90131HAY1,3.07,118.5939
2/22/22,90131HAY1,3.14,118.2525
2/23/22,90131HAY1,3.18,118.0497
2/24/22,90131HAY1,3.18,118.0175
2/25/22,90131HAY1,3.19,117.9521
2/28/22,90131HAY1,3.03,118.6688
3/1/22,90131HAY1,2.89,119.3331
3/2/22,90131HAY1,3.08,118.4413
3/3/22,90131HAY1,3.05,118.5321
3/4/22,90131HAY1,2.97,118.916
3/7/22,90131HAY1,3.02,118.6472
3/8/22,90131HAY1,3.1,118.2907
3/9/22,90131HAY1,3.2,117.7964
3/10/22,90131HAY1,3.24,117.5583
3/11/22,90131HAY1,3.27,117.433
3/14/22,90131HAY1,3.42,116.7476
3/15/22,90131HAY1,3.43,116.6925
3/16/22,90131HAY1,3.51,116.3135
3/17/22,90131HAY1,3.46,116.4957
3/18/22,90131HAY1,3.47,116.4683
3/21/22,90131HAY1,3.64,115.6526
3/22/22,90131HAY1,3.72,115.3019
3/23/22,90131HAY1,3.63,115.6758
3/24/22,90131HAY1,3.72,115.277
3/25/22,90131HAY1,3.88,114.5411
3/28/22,90131HAY1,3.88,114.5287
3/29/22,90131HAY1,3.82,114.7839
3/30/22,90131HAY1,3.76,115.0549
3/31/22,90131HAY1,3.79,114.9263
4/1/22,90131HAY1,3.88,114.4738
4/4/22,90131HAY1,3.87,114.5539
4/5/22,90131HAY1,4.02,113.8441
4/6/22,90131HAY1,4.01,113.902
4/7/22,90131HAY1,4.04,113.7595
4/8/22,90131HAY1,4.08,113.5765
4/11/22,90131HAY1,4.1,113.4507
4/12/22,90131HAY1,4.02,113.823
4/13/22,90131HAY1,3.98,113.9439
4/14/22,90131HAY1,4.07,113.5385
4/15/22,90131HAY1,4.05,113.628
4/18/22,90131HAY1,4.08,113.5004
4/19/22,90131HAY1,4.21,112.9335
4/20/22,90131HAY1,4.15,113.1681
4/21/22,90131HAY1,4.25,112.7053
4/22/22,90131HAY1,4.23,112.8011
4/25/22,90131HAY1,4.15,113.1427
4/26/22,90131HAY1,4.03,113.6629
4/27/22,90131HAY1,4.11,113.2741
4/28/22,90131HAY1,4.14,113.1517
4/29/22,90131HAY1,4.25,112.6547
5/2/22,90131HAY1,4.29,112.4721
5/3/22,90131HAY1,4.32,112.3624
5/4/22,90131HAY1,4.22,112.7865
5/5/22,90131HAY1,4.27,112.5464
5/6/22,90131HAY1,4.34,112.2328
5/9/22,90131HAY1,4.2,112.8089
5/10/22,90131HAY1,4.17,112.9466
5/11/22,90131HAY1,4.16,112.9817
5/12/22,90131HAY1,4.2,112.7883
5/13/22,90131HAY1,4.28,112.4156
5/16/22,90131HAY1,4.24,112.6161
5/17/22,90131HAY1,4.38,112.0081
5/18/22,90131HAY1,4.33,112.2077
5/19/22,90131HAY1,4.28,112.3972
5/20/22,90131HAY1,4.25,112.5251
5/23/22,90131HAY1,4.32,112.2224
5/24/22,90131HAY1,4.2,112.6921
5/25/22,90131HAY1,4.19,112.7565
5/26/22,90131HAY1,4.17,112.7978
5/27/22,90131HAY1,4.18,112.7349
5/30/22,90131HAY1,4.27,112.3707
5/31/22,90131HAY1,4.28,112.319
6/1/22,90131HAY1,4.38,111.9054
6/2/22,90131HAY1,4.37,111.9136
6/3/22,90131HAY1,4.39,111.8065
6/6/22,90131HAY1,4.5,111.3758
6/7/22,90131HAY1,4.45,111.5598
6/8/22,90131HAY1,4.49,111.3707
6/9/22,90131HAY1,4.53,111.206
6/10/22,90131HAY1,4.72,110.403
6/13/22,90131HAY1,4.99,109.3087
6/14/22,90131HAY1,5.11,108.8245
6/15/22,90131HAY1,4.88,109.7383
6/16/22,90131HAY1,4.8,110.0677
6/17/22,90131HAY1,4.85,109.8269
6/20/22,90131HAY1,4.89,109.6718
6/21/22,90131HAY1,4.88,109.7363
6/22/22,90131HAY1,4.79,110.058
6/23/22,90131HAY1,4.7,110.4169
6/24/22,90131HAY1,4.75,110.2162
6/27/22,90131HAY1,4.82,109.9234
6/28/22,90131HAY1,4.8,110.0144
6/29/22,90131HAY1,4.7,110.4004
6/30/22,90131HAY1,4.6,110.7643
7/1/22,90131HAY1,4.44,111.4047
7/4/22,90131HAY1,4.46,111.3493
7/5/22,90131HAY1,4.38,111.643
7/6/22,90131HAY1,4.54,111.0006
7/7/22,90131HAY1,4.6,110.7422
7/8/22,90131HAY1,4.68,110.4012
7/11/22,90131HAY1,4.61,110.6689
7/12/22,90131HAY1,4.58,110.8037
7/13/22,90131HAY1,4.59,110.7529
7/14/22,90131HAY1,4.62,110.601
7/15/22,90131HAY1,4.6,110.6951
7/18/22,90131HAY1,4.66,110.4239
7/19/22,90131HAY1,4.72,110.1977
7/20/22,90131HAY1,4.73,110.1597
7/21/22,90131HAY1,4.55,110.8534
7/22/22,90131HAY1,4.41,111.4224
7/25/22,90131HAY1,4.55,110.8404
7/26/22,90131HAY1,4.56,110.7898
7/27/22,90131HAY1,4.5,111.0399
7/28/22,90131HAY1,4.36,111.5815
7/29/22,90131HAY1,4.34,111.643
8/1/22,90131HAY1,4.31,111.7449
8/2/22,90131HAY1,4.52,110.9108
8/3/22,90131HAY1,4.49,111.0282
8/4/22,90131HAY1,4.46,111.1361
8/5/22,90131HAY1,4.62,110.4925
8/8/22,90131HAY1,4.57,110.6807
8/9/22,90131HAY1,4.62,110.4641
8/10/22,90131HAY1,4.59,110.5925
8/11/22,90131HAY1,4.62,110.4429
8/12/22,90131HAY1,4.59,110.5354
8/15/22,90131HAY1,4.54,110.7584
8/16/22,90131HAY1,4.59,110.5346
8/17/22,90131HAY1,4.68,110.1699
8/18/22,90131HAY1,4.66,110.234
8/19/22,90131HAY1,4.73,109.9732
8/22/22,90131HAY1,4.79,109.7095
8/23/22,90131HAY1,4.81,109.6414
8/24/22,90131HAY1,4.87,109.4103
8/25/22,90131HAY1,4.79,109.696
8/26/22,90131HAY1,4.82,109.566
8/29/22,90131HAY1,4.89,109.2743
8/30/22,90131HAY1,4.9,109.2469
8/31/22,90131HAY1,4.98,108.9292
9/1/22,90131HAY1,5.03,108.7125
9/2/22,90131HAY1,4.93,109.1138
9/5/22,90131HAY1,4.98,108.9223
9/6/22,90131HAY1,5.08,108.5112
9/7/22,90131HAY1,4.99,108.8653
9/8/22,90131HAY1,5.06,108.59
9/9/22,90131HAY1,5.07,108.5506
9/12/22,90131HAY1,5.08,108.4809
9/13/22,90131HAY1,5.21,108.01
9/14/22,90131HAY1,5.23,107.9185
9/15/22,90131HAY1,5.29,107.6714
9/16/22,90131HAY1,5.27,107.7645
9/19/22,90131HAY1,5.32,107.5612
9/20/22,90131HAY1,5.38,107.3175
9/21/22,90131HAY1,5.4,107.2573
9/22/22,90131HAY1,5.56,106.6476
9/23/22,90131HAY1,5.61,106.4667
9/26/22,90131HAY1,5.83,105.6492
9/27/22,90131HAY1,5.82,105.6605
9/28/22,90131HAY1,5.58,106.5512
9/29/22,90131HAY1,5.64,106.3039
9/30/22,90131HAY1,5.72,106.0363
10/3/22,90131HAY1,5.51,106.7837
10/4/22,90131HAY1,5.48,106.8823
10/5/22,90131HAY1,5.59,106.4774
10/6/22,90131HAY1,5.7,106.0664
10/7/22,90131HAY1,5.78,105.7901
10/10/22,90131HAY1,5.81,105.6762
10/11/22,90131HAY1,5.8,105.6921
10/12/22,90131HAY1,5.75,105.8729
10/13/22,90131HAY1,5.84,105.5506
10/14/22,90131HAY1,5.9,105.3239
10/17/22,90131HAY1,5.86,105.4569
10/18/22,90131HAY1,5.85,105.482
10/19/22,90131HAY1,5.99,104.9911
10/21/22,90131HAY1,5.98,105.0169
10/24/22,90131HAY1,6,104.9494
10/25/22,90131HAY1,5.94,105.1491
10/26/22,90131HAY1,5.87,105.399
10/27/22,90131HAY1,5.75,105.8078
10/28/22,90131HAY1,5.86,105.4132
10/31/22,90131HAY1,5.91,105.235
11/1/22,90131HAY1,5.96,105.0467
11/2/22,90131HAY1,5.99,104.9299
11/3/22,90131HAY1,6.06,104.7011
11/4/22,90131HAY1,6.02,104.8213
11/7/22,90131HAY1,6.08,104.5997
11/8/22,90131HAY1,5.99,104.9348
11/9/22,90131HAY1,5.93,105.1083
11/10/22,90131HAY1,5.68,106.0194
11/11/22,90131HAY1,5.7,105.9333
11/14/22,90131HAY1,5.74,105.8056
11/15/22,90131HAY1,5.64,106.1289
11/16/22,90131HAY1,5.59,106.2995
11/17/22,90131HAY1,5.68,105.9918
11/18/22,90131HAY1,5.75,105.7364
11/21/22,90131HAY1,5.76,105.676
11/22/22,90131HAY1,5.69,105.9298
11/23/22,90131HAY1,5.62,106.1761
11/24/22,90131HAY1,5.58,106.306
11/25/22,90131HAY1,5.61,106.1968
11/28/22,90131HAY1,5.61,106.182
11/29/22,90131HAY1,5.66,105.9943
11/30/22,90131HAY1,5.49,106.6023
12/1/22,90131HAY1,5.4,106.9014
12/2/22,90131HAY1,5.4,106.9216
12/5/22,90131HAY1,5.53,106.453
12/6/22,90131HAY1,5.49,106.59
12/7/22,90131HAY1,5.37,107.0178
12/8/22,90131HAY1,5.45,106.7065
12/9/22,90131HAY1,5.51,106.4835
12/12/22,90131HAY1,5.53,106.4194
12/13/22,90131HAY1,5.39,106.919
12/14/22,90131HAY1,5.36,107.0203
12/15/22,90131HAY1,5.36,106.9886
12/16/22,90131HAY1,5.36,106.9804
12/19/22,90131HAY1,5.46,106.6347
12/20/22,90131HAY1,5.53,106.3677
12/21/22,90131HAY1,5.52,106.4193
12/22/22,90131HAY1,5.55,106.3046
12/23/22,90131HAY1,5.6,106.1057
12/27/22,90131HAY1,5.68,105.8141
12/28/22,90131HAY1,5.71,105.7135
12/29/22,90131HAY1,5.68,105.8021
12/30/22,90131HAY1,5.74,105.6054
1/2/23,90131HAY1,5.71,105.7244
1/3/23,90131HAY1,5.65,105.9253
1/4/23,90131HAY1,5.59,106.125
1/5/23,90131HAY1,5.66,105.8614
1/6/23,90131HAY1,5.45,106.5993
1/9/23,90131HAY1,5.41,106.7266
1/10/23,90131HAY1,5.46,106.5247
1/11/23,90131HAY1,5.4,106.7418
1/12/23,90131HAY1,5.28,107.1496
1/13/23,90131HAY1,5.34,106.9369
1/16/23,90131HAY1,5.36,106.8538
1/17/23,90131HAY1,5.36,106.8562
1/18/23,90131HAY1,5.18,107.4752
1/19/23,90131HAY1,5.23,107.2972
1/20/23,90131HAY1,5.28,107.0883
1/23/23,90131HAY1,5.34,106.8939
1/24/23,90131HAY1,5.29,107.0511
1/25/23,90131HAY1,5.28,107.105
1/26/23,90131HAY1,5.32,106.9325
1/27/23,90131HAY1,5.33,106.8776
1/30/23,90131HAY1,5.38,106.7325
1/31/23,90131HAY1,5.34,106.8649
2/1/23,90131HAY1,5.22,107.2617
2/2/23,90131HAY1,5.23,107.2161
2/3/23,90131HAY1,5.39,106.661
2/6/23,90131HAY1,5.57,106.0527
2/7/23,90131HAY1,5.58,106.0183
2/8/23,90131HAY1,5.53,106.1798
2/9/23,90131HAY1,5.6,105.9315
2/10/23,90131HAY1,5.67,105.6925
2/13/23,90131HAY1,5.65,105.749
2/14/23,90131HAY1,5.74,105.4342
2/15/23,90131HAY1,5.78,105.3305
2/16/23,90131HAY1,5.82,105.1803
2/17/23,90131HAY1,5.77,105.3394
2/20/23,90131HAY1,5.81,105.1961
2/21/23,90131HAY1,5.91,104.8494
2/22/23,90131HAY1,5.9,104.8792
2/23/23,90131HAY1,5.86,105.0244
2/24/23,90131HAY1,5.97,104.6782
2/27/23,90131HAY1,5.93,104.7682
2/28/23,90131HAY1,5.95,104.7192
3/1/23,90131HAY1,6.02,104.4776
3/2/23,90131HAY1,6.07,104.2867
3/3/23,90131HAY1,6.01,104.4952
3/6/23,90131HAY1,6.02,104.4695
3/7/23,90131HAY1,6.07,104.2751
3/8/23,90131HAY1,6.11,104.1752
3/9/23,90131HAY1,5.95,104.6724
3/10/23,90131HAY1,5.73,105.3831
3/13/23,90131HAY1,5.44,106.3266
3/14/23,90131HAY1,5.61,105.7756
3/15/23,90131HAY1,5.32,106.7119
3/16/23,90131HAY1,5.49,106.1375
3/17/23,90131HAY1,5.27,106.879
3/20/23,90131HAY1,5.34,106.6197
3/21/23,90131HAY1,5.51,106.0759
3/22/23,90131HAY1,5.29,106.7757
3/23/23,90131HAY1,5.19,107.1019
3/24/23,90131HAY1,5.2,107.0739
3/27/23,90131HAY1,5.39,106.4373
3/28/23,90131HAY1,5.46,106.1909
3/29/23,90131HAY1,5.47,106.1441
3/30/23,90131HAY1,5.47,106.1577
3/31/23,90131HAY1,5.37,106.4661
4/3/23,90131HAY1,5.3,106.7097
4/4/23,90131HAY1,5.18,107.0982
4/5/23,90131HAY1,5.16,107.1322
4/6/23,90131HAY1,5.16,107.117
4/7/23,90131HAY1,5.31,106.6529
4/10/23,90131HAY1,5.31,106.6315
4/11/23,90131HAY1,5.32,106.5809
4/12/23,90131HAY1,5.26,106.8004
4/13/23,90131HAY1,5.29,106.6743
4/14/23,90131HAY1,5.39,106.3324
4/17/23,90131HAY1,5.5,105.9956
4/18/23,90131HAY1,5.47,106.0778
4/19/23,90131HAY1,5.49,106.0056
4/20/23,90131HAY1,5.42,106.2197
4/21/23,90131HAY1,5.45,106.1154
4/24/23,90131HAY1,5.37,106.3836
4/25/23,90131HAY1,5.24,106.7942
4/26/23,90131HAY1,5.28,106.6375
4/27/23,90131HAY1,5.39,106.2886
4/28/23,90131HAY1,5.29,106.6042
5/1/23,90131HAY1,5.42,106.1639
5/2/23,90131HAY1,5.25,106.7191
5/3/23,90131HAY1,5.13,107.1094
5/4/23,90131HAY1,5.11,107.1605
5/5/23,90131HAY1,5.19,106.8821
5/8/23,90131HAY1,5.27,106.6274
5/9/23,90131HAY1,5.28,106.5904
5/10/23,90131HAY1,5.16,106.9654
5/11/23,90131HAY1,5.14,107.0259
5/12/23,90131HAY1,5.23,106.7303
5/15/23,90131HAY1,5.25,106.6424
5/16/23,90131HAY1,5.31,106.4628
5/17/23,90131HAY1,5.37,106.2648
5/18/23,90131HAY1,5.47,105.9356
5/19/23,90131HAY1,5.52,105.7711
5/22/23,90131HAY1,5.55,105.6852
5/23/23,90131HAY1,5.52,105.7496
5/24/23,90131HAY1,5.6,105.5142
5/25/23,90131HAY1,5.7,105.1869
5/26/23,90131HAY1,5.72,105.1013
5/29/23,90131HAY1,5.71,105.1134
5/30/23,90131HAY1,5.59,105.5021
5/31/23,90131HAY1,5.54,105.6717
6/1/23,90131HAY1,5.49,105.8044
6/2/23,90131HAY1,5.64,105.3324
6/5/23,90131HAY1,5.61,105.4178
6/6/23,90131HAY1,5.62,105.3919
6/7/23,90131HAY1,5.72,105.0646
6/8/23,90131HAY1,5.6,105.4428
6/9/23,90131HAY1,5.66,105.2635
6/12/23,90131HAY1,5.64,105.2992
6/13/23,90131HAY1,5.74,104.9921
6/14/23,90131HAY1,5.73,105.0096
6/15/23,90131HAY1,5.65,105.2409
6/16/23,90131HAY1,5.73,105.0144
6/19/23,90131HAY1,5.77,104.8838
6/20/23,90131HAY1,5.68,105.1383
6/21/23,90131HAY1,5.7,105.0796
6/22/23,90131HAY1,5.79,104.7891
6/23/23,90131HAY1,5.74,104.9335
6/26/23,90131HAY1,5.72,105.0053
6/27/23,90131HAY1,5.79,104.796
6/28/23,90131HAY1,5.72,105.0005
6/29/23,90131HAY1,5.88,104.5019
6/30/23,90131HAY1,5.91,104.4171
7/3/23,90131HAY1,5.94,104.3121
7/4/23,90131HAY1,5.92,104.3702
7/5/23,90131HAY1,6,104.136
7/6/23,90131HAY1,6.1,103.8271
7/7/23,90131HAY1,6.11,103.8005
7/10/23,90131HAY1,5.99,104.1556
7/11/23,90131HAY1,5.99,104.1464
7/12/23,90131HAY1,5.82,104.63
7/13/23,90131HAY1,5.75,104.8511
7/14/23,90131HAY1,5.84,104.5562
7/17/23,90131HAY1,5.82,104.6357
7/18/23,90131HAY1,5.8,104.6676
7/19/23,90131HAY1,5.78,104.7321
7/20/23,90131HAY1,5.95,104.211
7/21/23,90131HAY1,5.95,104.2371
7/24/23,90131HAY1,6.01,104.052
7/25/23,90131HAY1,6.02,104.0167
7/26/23,90131HAY1,5.97,104.1657
7/27/23,90131HAY1,6.09,103.7914
7/28/23,90131HAY1,6.03,103.9605
7/31/23,90131HAY1,6.03,103.9546
8/1/23,90131HAY1,6.08,103.8265
8/2/23,90131HAY1,6.09,103.7742
8/3/23,90131HAY1,6.14,103.6238
8/4/23,90131HAY1,5.99,104.0667
8/7/23,90131HAY1,6.02,103.9738
8/8/23,90131HAY1,5.96,104.1329
8/9/23,90131HAY1,5.99,104.0573
8/10/23,90131HAY1,6.08,103.774
8/11/23,90131HAY1,6.15,103.5729
8/14/23,90131HAY1,6.22,103.3725
8/15/23,90131HAY1,6.228,103.3528
8/16/23,90131HAY1,6.26,103.2732
8/17/23,90131HAY1,6.26,103.2402
8/18/23,90131HAY1,6.23,103.323
8/21/23,90131HAY1,6.32,103.0821
8/22/23,90131HAY1,6.34,103.009
8/23/23,90131HAY1,6.22,103.3524
8/24/23,90131HAY1,6.27,103.2174
8/25/23,90131HAY1,6.29,103.1585
8/28/23,90131HAY1,6.26,103.2408
8/29/23,90131HAY1,6.13,103.5909
8/30/23,90131HAY1,6.12,103.6343
8/31/23,90131HAY1,6.1,103.6712
9/1/23,90131HAY1,6.15,103.5358
9/5/23,90131HAY1,6.23,103.3024
9/6/23,90131HAY1,6.29,103.126
9/7/23,90131HAY1,6.22,103.3064
9/8/23,90131HAY1,6.25,103.2312
9/11/23,90131HAY1,6.26,103.1841
9/12/23,90131HAY1,6.28,103.1511
9/13/23,90131HAY1,6.23,103.2686
9/14/23,90131HAY1,6.27,103.1611
9/15/23,90131HAY1,6.32,103.0311
9/18/23,90131HAY1,6.3,103.0677
9/19/23,90131HAY1,6.36,102.8883
9/20/23,90131HAY1,6.4,102.7841
9/21/23,90131HAY1,6.45,102.6489
9/22/23,90131HAY1,6.4,102.7925
9/25/23,90131HAY1,6.44,102.6642
9/26/23,90131HAY1,6.45,102.6404
9/27/23,90131HAY1,6.51,102.4608
9/28/23,90131HAY1,6.46,102.6076
9/29/23,90131HAY1,6.45,102.6406
10/2/23,90131HAY1,6.54,102.3714
10/3/23,90131HAY1,6.63,102.1386
10/4/23,90131HAY1,6.56,102.3288
10/5/23,90131HAY1,6.52,102.4251
10/6/23,90131HAY1,6.58,102.2554
10/9/23,90131HAY1,6.44,102.6422
10/10/23,90131HAY1,6.48,102.515
10/11/23,90131HAY1,6.45,102.618
10/12/23,90131HAY1,6.56,102.29
10/13/23,90131HAY1,6.51,102.4222
10/16/23,90131HAY1,6.58,102.2373
10/17/23,90131HAY1,6.74,101.8129
10/18/23,90131HAY1,6.8,101.6461
10/19/23,90131HAY1,6.82,101.5827
10/20/23,90131HAY1,6.72,101.8436
10/23/23,90131HAY1,6.66,102.0011
10/24/23,90131HAY1,6.68,101.946
10/25/23,90131HAY1,6.79,101.6555
10/26/23,90131HAY1,6.67,101.9781
10/27/23,90131HAY1,6.64,102.0263
10/30/23,90131HAY1,6.69,101.9285
10/31/23,90131HAY1,6.72,101.8527
11/1/23,90131HAY1,6.52,102.3586
11/2/23,90131HAY1,6.51,102.3862
11/3/23,90131HAY1,6.38,102.739
11/6/23,90131HAY1,6.46,102.5085
11/7/23,90131HAY1,6.41,102.6596
11/8/23,90131HAY1,6.38,102.7233
11/9/23,90131HAY1,6.52,102.3545
11/10/23,90131HAY1,6.55,102.2656
11/13/23,90131HAY1,6.53,102.3132
11/14/23,90131HAY1,6.31,102.8925
11/15/23,90131HAY1,6.39,102.6685
11/16/23,90131HAY1,6.3,102.9184
11/17/23,90131HAY1,6.32,102.8631
11/20/23,90131HAY1,6.32,102.8604
11/21/23,90131HAY1,6.28,102.9521
11/22/23,90131HAY1,6.3,102.881
11/23/23,90131HAY1,6.31,102.8723
11/24/23,90131HAY1,6.36,102.7243
11/27/23,90131HAY1,6.28,102.9304
11/28/23,90131HAY1,6.14,103.2939
11/29/23,90131HAY1,6.07,103.469
11/30/23,90131HAY1,6.13,103.3051
12/1/23,90131HAY1,6,103.6498
12/4/23,90131HAY1,6.07,103.4581
12/5/23,90131HAY1,6,103.6509
12/6/23,90131HAY1,5.97,103.7181
12/7/23,90131HAY1,5.99,103.653
12/8/23,90131HAY1,6.1,103.3583
12/11/23,90131HAY1,6.11,103.3474
12/12/23,90131HAY1,6.09,103.3935
12/13/23,90131HAY1,5.84,104.0429
12/14/23,90131HAY1,5.74,104.2793
12/15/23,90131HAY1,5.75,104.2414
12/18/23,90131HAY1,5.77,104.188
12/1/21,00751YAD8,2.5948,109.4977
12/2/21,00751YAD8,2.6428,109.1214
12/3/21,00751YAD8,2.491,110.2837
12/6/21,00751YAD8,2.5991,109.4498
12/7/21,00751YAD8,2.6002,109.4385
12/8/21,00751YAD8,2.6469,109.0794
12/9/21,00751YAD8,2.6165,109.302
12/10/21,00751YAD8,2.637,109.143
12/13/21,00751YAD8,2.5518,109.7912
12/14/21,00751YAD8,2.6135,109.3163
12/15/21,00751YAD8,2.6025,109.3978
12/16/21,00751YAD8,2.5758,109.5926
12/17/21,00751YAD8,2.5676,109.652
12/20/21,00751YAD8,2.59,109.4778
12/21/21,00751YAD8,2.6242,109.2148
12/22/21,00751YAD8,2.6165,109.2701
12/23/21,00751YAD8,2.6536,108.9801
12/24/21,00751YAD8,2.6529,108.9832
12/27/21,00751YAD8,2.6204,109.2265
12/28/21,00751YAD8,2.6104,109.2998
12/29/21,00751YAD8,2.6636,108.8855
12/30/21,00751YAD8,2.6259,109.1733
12/31/21,00751YAD8,2.6304,109.1361
1/3/22,00751YAD8,2.7139,108.5036
1/4/22,00751YAD8,2.7337,108.3528
1/5/22,00751YAD8,2.7825,107.985
1/6/22,00751YAD8,2.7901,107.9203
1/7/22,00751YAD8,2.8573,107.4181
1/10/22,00751YAD8,2.8645,107.3628
1/11/22,00751YAD8,2.8564,107.4207
1/12/22,00751YAD8,2.8521,107.4497
1/13/22,00751YAD8,2.8071,107.7746
1/14/22,00751YAD8,2.944,106.7606
1/17/22,00751YAD8,2.9732,106.547
1/18/22,00751YAD8,3.0074,106.2942
1/19/22,00751YAD8,3.0005,106.3431
1/20/22,00751YAD8,2.964,106.6043
1/21/22,00751YAD8,2.9656,106.59
1/24/22,00751YAD8,3.0083,106.2762
1/25/22,00751YAD8,2.977,106.5025
1/26/22,00751YAD8,3.057,105.9184
1/27/22,00751YAD8,3.0651,105.8448
1/28/22,00751YAD8,2.9375,106.7832
1/31/22,00751YAD8,3.0017,106.313
2/1/22,00751YAD8,3.0291,106.1117
2/2/22,00751YAD8,3.0091,106.2549
2/3/22,00751YAD8,3.1377,105.3198
2/4/22,00751YAD8,3.225,104.6915
2/7/22,00751YAD8,3.25,104.6471
2/8/22,00751YAD8,3.28,104.4482
2/9/22,00751YAD8,3.24,104.7387
2/10/22,00751YAD8,3.34,103.9437
2/11/22,00751YAD8,3.28,104.4156
2/14/22,00751YAD8,3.34,103.9705
2/15/22,00751YAD8,3.38,103.6873
2/16/22,00751YAD8,3.44,103.2465
2/17/22,00751YAD8,3.33,104.036
2/18/22,00751YAD8,3.39,103.5987
2/21/22,00751YAD8,3.37,103.7542
2/22/22,00751YAD8,3.44,103.2448
2/23/22,00751YAD8,3.47,103.0074
2/24/22,00751YAD8,3.49,102.8894
2/25/22,00751YAD8,3.53,102.5604
2/28/22,00751YAD8,3.38,103.6324
3/1/22,00751YAD8,3.43,103.33
3/2/22,00751YAD8,3.55,102.4566
3/3/22,00751YAD8,3.5,102.7934
3/4/22,00751YAD8,3.4,103.5031
3/7/22,00751YAD8,3.51,102.6956
3/8/22,00751YAD8,3.59,102.1551
3/9/22,00751YAD8,3.71,101.2984
3/10/22,00751YAD8,3.79,100.7721
3/11/22,00751YAD8,3.82,100.5788
3/14/22,00751YAD8,3.94,99.6923
3/15/22,00751YAD8,3.93,99.791
3/16/22,00751YAD8,3.89,100.0721
3/17/22,00751YAD8,3.81,100.6102
3/18/22,00751YAD8,3.76,100.9377
3/21/22,00751YAD8,3.87,100.2006
3/22/22,00751YAD8,3.97,99.4988
3/23/22,00751YAD8,3.89,100.0685
3/24/22,00751YAD8,3.98,99.46
3/25/22,00751YAD8,4.1,98.6637
3/28/22,00751YAD8,4.07,98.8491
3/29/22,00751YAD8,3.98,99.4625
3/30/22,00751YAD8,3.92,99.8501
3/31/22,00751YAD8,3.94,99.7272
4/1/22,00751YAD8,3.98,99.4742
4/4/22,00751YAD8,3.97,99.5539
4/5/22,00751YAD8,4.11,98.5936
4/6/22,00751YAD8,4.18,98.0852
4/7/22,00751YAD8,4.24,97.709
4/8/22,00751YAD8,4.28,97.4606
4/11/22,00751YAD8,4.34,97.0712
4/12/22,00751YAD8,4.31,97.2559
4/13/22,00751YAD8,4.3,97.3226
4/14/22,00751YAD8,4.39,96.7225
4/15/22,00751YAD8,4.37,96.8517
4/18/22,00751YAD8,4.51,95.9553
4/19/22,00751YAD8,4.63,95.1808
4/20/22,00751YAD8,4.5,96.0019
4/21/22,00751YAD8,4.59,95.4316
4/22/22,00751YAD8,4.56,95.6441
4/25/22,00751YAD8,4.47,96.2059
4/26/22,00751YAD8,4.47,96.2359
4/27/22,00751YAD8,4.47,96.2197
4/28/22,00751YAD8,4.56,95.6514
4/29/22,00751YAD8,4.67,94.9418
5/2/22,00751YAD8,4.81,94.034
5/3/22,00751YAD8,4.81,94.051
5/4/22,00751YAD8,4.65,95.0768
5/5/22,00751YAD8,4.8,94.0972
5/6/22,00751YAD8,4.9,93.4852
5/9/22,00751YAD8,4.89,93.5699
5/10/22,00751YAD8,4.8,94.1431
5/11/22,00751YAD8,4.8,94.129
5/12/22,00751YAD8,4.75,94.4146
5/13/22,00751YAD8,4.89,93.5873
5/16/22,00751YAD8,4.81,94.0791
5/17/22,00751YAD8,4.95,93.2221
5/18/22,00751YAD8,4.94,93.2702
5/19/22,00751YAD8,4.9,93.496
5/20/22,00751YAD8,4.84,93.9135
5/23/22,00751YAD8,4.93,93.3075
5/24/22,00751YAD8,4.7,94.7967
5/25/22,00751YAD8,4.79,94.1801
5/26/22,00751YAD8,4.76,94.3695
5/27/22,00751YAD8,4.76,94.41
5/30/22,00751YAD8,4.83,93.9763
5/31/22,00751YAD8,4.87,93.7157
6/1/22,00751YAD8,4.91,93.4822
6/2/22,00751YAD8,4.81,94.0956
6/3/22,00751YAD8,4.92,93.3862
6/6/22,00751YAD8,4.97,93.0825
6/7/22,00751YAD8,4.93,93.3513
6/8/22,00751YAD8,4.96,93.1641
6/9/22,00751YAD8,5.03,92.7723
6/10/22,00751YAD8,5.29,91.1566
6/13/22,00751YAD8,5.5,89.9009
6/14/22,00751YAD8,5.54,89.6707
6/15/22,00751YAD8,5.35,90.815
6/16/22,00751YAD8,5.38,90.6569
6/17/22,00751YAD8,5.39,90.5961
6/20/22,00751YAD8,5.43,90.382
6/21/22,00751YAD8,5.46,90.2058
6/22/22,00751YAD8,5.37,90.7163
6/23/22,00751YAD8,5.35,90.8504
6/24/22,00751YAD8,5.4,90.5746
6/27/22,00751YAD8,5.42,90.4157
6/28/22,00751YAD8,5.4,90.5398
6/29/22,00751YAD8,5.35,90.855
6/30/22,00751YAD8,5.29,91.2397
7/1/22,00751YAD8,5.25,91.479
7/4/22,00751YAD8,5.27,91.3466
7/5/22,00751YAD8,5.18,91.8671
7/6/22,00751YAD8,5.28,91.2944
7/7/22,00751YAD8,5.24,91.5258
7/8/22,00751YAD8,5.32,91.0795
7/11/22,00751YAD8,5.24,91.5293
7/12/22,00751YAD8,5.24,91.5584
7/13/22,00751YAD8,5.19,91.8258
7/14/22,00751YAD8,5.23,91.6368
7/15/22,00751YAD8,5.15,92.0827
7/18/22,00751YAD8,5.21,91.7199
7/19/22,00751YAD8,5.26,91.4696
7/20/22,00751YAD8,5.19,91.8467
7/21/22,00751YAD8,5.06,92.6669
7/22/22,00751YAD8,5.09,92.5036
7/25/22,00751YAD8,5,93.0466
7/26/22,00751YAD8,5,93.0128
7/27/22,00751YAD8,5,93.0006
7/28/22,00751YAD8,4.88,93.7561
7/29/22,00751YAD8,4.88,93.7634
8/1/22,00751YAD8,4.81,94.2091
8/2/22,00751YAD8,4.97,93.2265
8/3/22,00751YAD8,4.94,93.4294
8/4/22,00751YAD8,4.93,93.5013
8/5/22,00751YAD8,5.07,92.641
8/8/22,00751YAD8,4.97,93.2434
8/9/22,00751YAD8,4.99,93.1047
8/10/22,00751YAD8,4.99,93.1171
8/11/22,00751YAD8,5.09,92.5333
8/12/22,00751YAD8,5.05,92.7723
8/15/22,00751YAD8,4.92,93.5371
8/16/22,00751YAD8,4.99,93.1048
8/17/22,00751YAD8,5.02,92.9277
8/18/22,00751YAD8,5.01,93.0277
8/19/22,00751YAD8,5.11,92.3958
8/22/22,00751YAD8,5.23,91.7105
8/23/22,00751YAD8,5.25,91.6146
8/24/22,00751YAD8,5.31,91.2581
8/25/22,00751YAD8,5.2,91.8929
8/26/22,00751YAD8,5.23,91.7181
8/29/22,00751YAD8,5.56,89.8037
8/30/22,00751YAD8,5.37,90.8712
8/31/22,00751YAD8,5.55,89.874
9/1/22,00751YAD8,5.58,89.6744
9/2/22,00751YAD8,5.5,90.1577
9/5/22,00751YAD8,5.54,89.9066
9/6/22,00751YAD8,5.61,89.5017
9/7/22,00751YAD8,5.53,89.9925
9/8/22,00751YAD8,5.64,89.3524
9/9/22,00751YAD8,5.59,89.6648
9/12/22,00751YAD8,5.62,89.4859
9/13/22,00751YAD8,5.78,88.5994
9/14/22,00751YAD8,5.75,88.769
9/15/22,00751YAD8,5.8,88.4926
9/16/22,00751YAD8,5.79,88.5483
9/19/22,00751YAD8,5.84,88.2942
9/20/22,00751YAD8,5.95,87.6834
9/21/22,00751YAD8,5.94,87.7185
9/22/22,00751YAD8,6.06,87.0717
9/23/22,00751YAD8,6.14,86.6221
9/26/22,00751YAD8,6.38,85.2993
9/27/22,00751YAD8,6.44,85.0248
9/28/22,00751YAD8,6.2,86.2932
9/29/22,00751YAD8,6.25,86.0738
9/30/22,00751YAD8,6.3,85.7716
10/3/22,00751YAD8,6.1,86.896
10/4/22,00751YAD8,6.08,86.9796
10/5/22,00751YAD8,6.19,86.3772
10/6/22,00751YAD8,6.22,86.2496
10/7/22,00751YAD8,6.28,85.9
10/10/22,00751YAD8,6.35,85.5642
10/11/22,00751YAD8,6.4,85.2861
10/12/22,00751YAD8,6.35,85.5408
10/13/22,00751YAD8,6.47,84.9495
10/14/22,00751YAD8,6.57,84.378
10/17/22,00751YAD8,6.54,84.552
10/18/22,00751YAD8,6.5,84.8049
10/19/22,00751YAD8,6.64,84.0491
10/21/22,00751YAD8,6.81,83.1704
10/24/22,00751YAD8,6.73,83.5948
10/25/22,00751YAD8,6.61,84.2497
10/26/22,00751YAD8,6.53,84.6692
10/27/22,00751YAD8,6.41,85.3055
10/28/22,00751YAD8,6.46,85.0581
10/31/22,00751YAD8,6.5,84.8325
11/1/22,00751YAD8,6.52,84.7234
11/2/22,00751YAD8,6.47,84.9987
11/3/22,00751YAD8,6.53,84.6857
11/4/22,00751YAD8,6.52,84.757
11/7/22,00751YAD8,6.55,84.5916
11/8/22,00751YAD8,6.45,85.1288
11/9/22,00751YAD8,6.41,85.3561
11/10/22,00751YAD8,6.17,86.6679
11/11/22,00751YAD8,6.2,86.4601
11/14/22,00751YAD8,6.09,87.0933
11/15/22,00751YAD8,5.92,88.0045
11/16/22,00751YAD8,5.85,88.3939
11/17/22,00751YAD8,6.05,87.3083
11/18/22,00751YAD8,6.12,86.968
11/21/22,00751YAD8,6.13,86.8846
11/22/22,00751YAD8,5.96,87.8161
11/23/22,00751YAD8,5.99,87.6919
11/24/22,00751YAD8,5.96,87.8576
11/25/22,00751YAD8,5.98,87.7462
11/28/22,00751YAD8,5.94,87.9763
11/29/22,00751YAD8,6,87.6251
11/30/22,00751YAD8,5.84,88.5099
12/1/22,00751YAD8,5.73,89.1349
12/2/22,00751YAD8,5.72,89.1905
12/5/22,00751YAD8,5.78,88.8456
12/6/22,00751YAD8,5.7,89.3137
12/7/22,00751YAD8,5.58,89.9656
12/8/22,00751YAD8,5.66,89.5147
12/9/22,00751YAD8,5.74,89.0975
12/12/22,00751YAD8,5.76,88.9882
12/13/22,00751YAD8,5.62,89.7517
12/14/22,00751YAD8,5.6,89.8873
12/15/22,00751YAD8,5.59,89.9499
12/16/22,00751YAD8,5.62,89.8055
12/19/22,00751YAD8,5.71,89.2666
12/20/22,00751YAD8,5.81,88.7319
12/21/22,00751YAD8,5.8,88.8205
12/22/22,00751YAD8,5.82,88.7132
12/23/22,00751YAD8,5.87,88.4296
12/27/22,00751YAD8,5.97,87.9192
12/28/22,00751YAD8,6,87.7132
12/29/22,00751YAD8,5.95,88.0107
12/30/22,00751YAD8,6,87.7344
1/2/23,00751YAD8,5.96,87.9753
1/3/23,00751YAD8,5.88,88.4097
1/4/23,00751YAD8,5.81,88.7711
1/5/23,00751YAD8,5.85,88.6073
1/6/23,00751YAD8,5.61,89.9097
1/9/23,00751YAD8,5.57,90.1159
1/10/23,00751YAD8,5.65,89.6962
1/11/23,00751YAD8,5.58,90.0881
1/12/23,00751YAD8,5.47,90.731
1/13/23,00751YAD8,5.52,90.4134
1/16/23,00751YAD8,5.56,90.2281
1/17/23,00751YAD8,5.57,90.1731
1/18/23,00751YAD8,5.38,91.2188
1/19/23,00751YAD8,5.42,91.0305
1/20/23,00751YAD8,5.5,90.5704
1/23/23,00751YAD8,5.49,90.5996
1/24/23,00751YAD8,5.44,90.9103
1/25/23,00751YAD8,5.43,90.9808
1/26/23,00751YAD8,5.43,90.972
1/27/23,00751YAD8,5.42,91.003
1/30/23,00751YAD8,5.46,90.7816
1/31/23,00751YAD8,5.42,91.0317
2/1/23,00751YAD8,5.31,91.6708
2/2/23,00751YAD8,5.34,91.4662
2/3/23,00751YAD8,5.48,90.6877
2/6/23,00751YAD8,5.64,89.845
2/7/23,00751YAD8,5.61,90.0246
2/8/23,00751YAD8,5.49,90.6756
2/9/23,00751YAD8,5.67,89.703
2/10/23,00751YAD8,5.74,89.3176
2/13/23,00751YAD8,5.7,89.5079
2/14/23,00751YAD8,5.77,89.1229
2/15/23,00751YAD8,5.75,89.275
2/16/23,00751YAD8,5.81,88.9646
2/17/23,00751YAD8,5.76,89.2389
2/20/23,00751YAD8,5.8,89.0293
2/21/23,00751YAD8,5.91,88.4188
2/22/23,00751YAD8,5.94,88.251
2/23/23,00751YAD8,5.88,88.5718
2/24/23,00751YAD8,5.96,88.2152
2/27/23,00751YAD8,5.92,88.385
2/28/23,00751YAD8,5.93,88.3367
3/1/23,00751YAD8,6.09,87.5145
3/2/23,00751YAD8,6.16,87.157
3/3/23,00751YAD8,6.07,87.6444
3/6/23,00751YAD8,5.97,88.1715
3/7/23,00751YAD8,5.99,88.0421
3/8/23,00751YAD8,6.02,87.9097
3/9/23,00751YAD8,5.91,88.493
3/10/23,00751YAD8,5.78,89.1943
3/13/23,00751YAD8,5.8,89.0615
3/14/23,00751YAD8,5.95,88.3028
3/15/23,00751YAD8,5.61,90.1152
3/16/23,00751YAD8,5.76,89.3427
3/17/23,00751YAD8,5.66,89.8549
3/20/23,00751YAD8,5.59,90.2243
3/21/23,00751YAD8,5.71,89.5969
3/22/23,00751YAD8,5.6,90.2202
3/23/23,00751YAD8,5.53,90.5647
3/24/23,00751YAD8,5.5,90.7657
3/27/23,00751YAD8,5.68,89.7953
3/28/23,00751YAD8,5.71,89.6154
3/29/23,00751YAD8,5.69,89.7158
3/30/23,00751YAD8,5.67,89.8528
3/31/23,00751YAD8,5.59,90.2832
4/3/23,00751YAD8,5.38,91.4196
4/4/23,00751YAD8,5.36,91.5198
4/5/23,00751YAD8,5.34,91.6576
4/6/23,00751YAD8,5.33,91.7321
4/7/23,00751YAD8,5.46,91.016
4/10/23,00751YAD8,5.45,91.0954
4/11/23,00751YAD8,5.46,91.0001
4/12/23,00751YAD8,5.41,91.2909
4/13/23,00751YAD8,5.48,90.8958
4/14/23,00751YAD8,5.57,90.4506
4/17/23,00751YAD8,5.58,90.3838
4/18/23,00751YAD8,5.55,90.5433
4/19/23,00751YAD8,5.6,90.2609
4/20/23,00751YAD8,5.54,90.5977
4/21/23,00751YAD8,5.57,90.4393
4/24/23,00751YAD8,5.49,90.9005
4/25/23,00751YAD8,5.41,91.3097
4/26/23,00751YAD8,5.47,91.0143
4/27/23,00751YAD8,5.51,90.8233
4/28/23,00751YAD8,5.4,91.4058
5/1/23,00751YAD8,5.61,90.2743
5/2/23,00751YAD8,5.45,91.1135
5/3/23,00751YAD8,5.35,91.6571
5/4/23,00751YAD8,5.41,91.3569
5/5/23,00751YAD8,5.48,90.9736
5/8/23,00751YAD8,5.54,90.6427
5/9/23,00751YAD8,5.49,90.9472
5/10/23,00751YAD8,5.39,91.4663
5/11/23,00751YAD8,5.38,91.5216
5/12/23,00751YAD8,5.47,91.0376
5/15/23,00751YAD8,5.56,90.6008
5/16/23,00751YAD8,5.62,90.2501
5/17/23,00751YAD8,5.56,90.6037
5/18/23,00751YAD8,5.67,90.0095
5/19/23,00751YAD8,5.72,89.7481
5/22/23,00751YAD8,5.75,89.6141
5/23/23,00751YAD8,5.64,90.1509
5/24/23,00751YAD8,5.71,89.8086
5/25/23,00751YAD8,5.81,89.2692
5/26/23,00751YAD8,5.81,89.2701
5/29/23,00751YAD8,5.8,89.3626
5/30/23,00751YAD8,5.65,90.1323
5/31/23,00751YAD8,5.6,90.4038
6/1/23,00751YAD8,6.01,88.2873
6/2/23,00751YAD8,6.19,87.3778
6/5/23,00751YAD8,6.3,86.7905
6/6/23,00751YAD8,6.6,85.2841
6/7/23,00751YAD8,6.65,85.0746
6/8/23,00751YAD8,6.79,84.3838
6/9/23,00751YAD8,6.76,84.5264
6/12/23,00751YAD8,6.79,84.3719
6/13/23,00751YAD8,6.76,84.5518
6/14/23,00751YAD8,6.61,85.2832
6/15/23,00751YAD8,6.68,84.9407
6/16/23,00751YAD8,6.71,84.8402
6/19/23,00751YAD8,6.76,84.5996
6/20/23,00751YAD8,6.69,84.9128
6/21/23,00751YAD8,6.68,84.9654
6/22/23,00751YAD8,6.75,84.6248
6/23/23,00751YAD8,6.7,84.8844
6/26/23,00751YAD8,6.65,85.17
6/27/23,00751YAD8,6.65,85.1474
6/28/23,00751YAD8,6.59,85.4669
6/29/23,00751YAD8,6.71,84.8817
6/30/23,00751YAD8,6.67,85.1039
7/3/23,00751YAD8,6.61,85.4008
7/4/23,00751YAD8,6.59,85.4664
7/5/23,00751YAD8,6.59,85.5057
7/7/23,00751YAD8,6.71,84.9142
7/10/23,00751YAD8,6.66,85.1864
7/11/23,00751YAD8,6.6,85.4428
7/12/23,00751YAD8,6.49,85.9875
7/13/23,00751YAD8,6.4,86.4944
7/14/23,00751YAD8,6.4,86.4733
7/17/23,00751YAD8,6.37,86.6091
7/18/23,00751YAD8,6.44,86.2708
7/19/23,00751YAD8,6.35,86.7314
7/20/23,00751YAD8,6.39,86.534
7/21/23,00751YAD8,6.37,86.6339
7/24/23,00751YAD8,6.42,86.4337
7/25/23,00751YAD8,6.43,86.3574
7/26/23,00751YAD8,6.35,86.7633
7/27/23,00751YAD8,6.48,86.1329
7/28/23,00751YAD8,6.43,86.4093
7/31/23,00751YAD8,6.29,87.096
8/1/23,00751YAD8,6.37,86.692
8/2/23,00751YAD8,6.43,86.3856
8/3/23,00751YAD8,6.61,85.5485
8/4/23,00751YAD8,6.48,86.1922
8/7/23,00751YAD8,6.36,86.7539
8/8/23,00751YAD8,6.32,86.962
8/9/23,00751YAD8,6.35,86.8195
8/10/23,00751YAD8,6.31,87.0346
8/11/23,00751YAD8,6.44,86.3942
8/14/23,00751YAD8,6.5,86.1192
8/16/23,00751YAD8,6.45,86.3632
8/17/23,00751YAD8,6.47,86.2949
8/18/23,00751YAD8,6.49,86.2114
8/21/23,00751YAD8,6.56,85.862
8/22/23,00751YAD8,6.54,85.9455
8/23/23,00751YAD8,6.45,86.3855
8/24/23,00751YAD8,6.53,86.0392
8/25/23,00751YAD8,6.53,86.0333
8/28/23,00751YAD8,6.52,86.0798
8/29/23,00751YAD8,6.6,85.6639
8/30/23,00751YAD8,6.54,85.9718
8/31/23,00751YAD8,6.51,86.1422
9/1/23,00751YAD8,6.54,86.0027
9/5/23,00751YAD8,6.62,85.6152
9/6/23,00751YAD8,6.67,85.3762
9/7/23,00751YAD8,6.7,85.2573
9/8/23,00751YAD8,6.6,85.7473
9/11/23,00751YAD8,6.58,85.8359
9/12/23,00751YAD8,7.05,83.6095
9/13/23,00751YAD8,7.2,82.917
9/14/23,00751YAD8,7.23,82.8239
9/15/23,00751YAD8,7.3,82.473
9/18/23,00751YAD8,7.29,82.5609
9/19/23,00751YAD8,7.29,82.543
9/20/23,00751YAD8,7.34,82.3126
9/21/23,00751YAD8,7.36,82.2534
9/22/23,00751YAD8,7.36,82.2646
9/25/23,00751YAD8,7.33,82.4114
9/26/23,00751YAD8,7.43,81.9532
9/27/23,00751YAD8,7.6,81.2146
9/28/23,00751YAD8,7.59,81.2509
9/29/23,00751YAD8,7.63,81.0712
10/2/23,00751YAD8,7.71,80.7321
10/3/23,00751YAD8,7.77,80.4574
10/4/23,00751YAD8,7.71,80.7613
10/5/23,00751YAD8,7.7,80.8252
10/6/23,00751YAD8,7.63,81.1513
10/9/23,00751YAD8,7.5,81.7333
10/10/23,00751YAD8,7.5,81.7299
10/11/23,00751YAD8,7.37,82.3107
10/12/23,00751YAD8,7.5,81.7363
10/13/23,00751YAD8,7.51,81.703
10/16/23,00751YAD8,7.53,81.643
10/17/23,00751YAD8,7.68,80.9581
10/18/23,00751YAD8,7.78,80.5174
10/19/23,00751YAD8,7.86,80.2
10/20/23,00751YAD8,7.84,80.2756
10/23/23,00751YAD8,7.67,81.0579
10/24/23,00751YAD8,7.69,80.9616
10/25/23,00751YAD8,7.79,80.5046
10/26/23,00751YAD8,7.72,80.8745
10/27/23,00751YAD8,7.69,80.9879
10/30/23,00751YAD8,7.71,80.8824
10/31/23,00751YAD8,7.79,80.5765
11/1/23,00751YAD8,7.56,81.5917
11/2/23,00751YAD8,7.53,81.7243
11/3/23,00751YAD8,7.17,83.3589
11/6/23,00751YAD8,7.27,82.9167
11/7/23,00751YAD8,7.16,83.4439
11/8/23,00751YAD8,7.13,83.5567
11/9/23,00751YAD8,7.28,82.9105
11/10/23,00751YAD8,7.34,82.6217
11/13/23,00751YAD8,7.24,83.0855
11/14/23,00751YAD8,7.02,84.1218
11/15/23,00751YAD8,7.1,83.7285
11/16/23,00751YAD8,7.29,82.8992
11/17/23,00751YAD8,7.29,82.9102
11/20/23,00751YAD8,7.49,82.0124
11/21/23,00751YAD8,7.43,82.2838
11/22/23,00751YAD8,7.44,82.2789
11/23/23,00751YAD8,7.44,82.2564
11/24/23,00751YAD8,7.41,82.4236
11/27/23,00751YAD8,7.38,82.5503
11/28/23,00751YAD8,7.22,83.2835
11/29/23,00751YAD8,7.14,83.6179
11/30/23,00751YAD8,7.17,83.5337
12/1/23,00751YAD8,6.85,84.9864
12/4/23,00751YAD8,7.07,83.9735
12/5/23,00751YAD8,6.87,84.9153
12/6/23,00751YAD8,6.86,84.9433
12/7/23,00751YAD8,6.75,85.4787
12/8/23,00751YAD8,6.83,85.1047
12/11/23,00751YAD8,6.91,84.7642
12/12/23,00751YAD8,6.85,85.0233
12/13/23,00751YAD8,6.55,86.4222
12/14/23,00751YAD8,6.27,87.7539
12/15/23,00751YAD8,6.32,87.5215
12/18/23,00751YAD8,6.29,87.6705
12/1/21,950590AG4,3.7019,112.25
12/2/21,950590AG4,3.7276,112.125
12/3/21,950590AG4,3.6942,112.25
12/6/21,950590AG4,3.6923,112.25
12/7/21,950590AG4,3.6903,112.25
12/8/21,950590AG4,3.7515,112
12/9/21,950590AG4,3.651,112.375
12/10/21,950590AG4,3.6806,112.25
12/13/21,950590AG4,3.7103,112.125
12/14/21,950590AG4,3.6766,112.25
12/15/21,950590AG4,3.7062,112.125
12/16/21,950590AG4,3.6367,112.375
12/17/21,950590AG4,3.6346,112.375
12/20/21,950590AG4,3.6009,112.5
12/21/21,950590AG4,3.6622,112.25
12/22/21,950590AG4,3.7876,111.75
12/23/21,950590AG4,3.7497,111.875
12/24/21,950590AG4,3.7477,111.875
12/27/21,950590AG4,3.6179,112.375
12/28/21,950590AG4,3.584,112.5
12/29/21,950590AG4,3.6109,112.375
12/30/21,950590AG4,3.5458,112.625
12/31/21,950590AG4,3.5118,112.75
1/3/22,950590AG4,3.4778,112.875
1/4/22,950590AG4,3.5075,112.75
1/5/22,950590AG4,3.4099,113.125
1/6/22,950590AG4,3.4669,112.875
1/7/22,950590AG4,3.689,112
1/10/22,950590AG4,3.5264,112.625
1/11/22,950590AG4,3.5242,112.625
1/12/22,950590AG4,3.6828,112
1/13/22,950590AG4,3.6099,112.25
1/14/22,950590AG4,3.6401,112.125
1/17/22,950590AG4,3.6401,112.125
1/18/22,950590AG4,3.5734,112.375
1/19/22,950590AG4,3.6035,112.25
1/20/22,950590AG4,3.6944,111.875
1/24/22,950590AG4,3.7554,111.625
1/25/22,950590AG4,3.6557,112
1/26/22,950590AG4,3.7187,111.75
1/27/22,950590AG4,3.7095,111.75
1/28/22,950590AG4,3.7779,111.5
1/31/22,950590AG4,3.6451,112
2/1/22,950590AG4,3.6104,112.125
2/2/22,950590AG4,3.6409,112
2/3/22,950590AG4,3.6345,112
2/4/22,950590AG4,3.5343,112.375
2/7/22,950590AG4,3.5975,112.125
2/8/22,950590AG4,3.5953,112.125
2/9/22,950590AG4,3.8897,111
2/10/22,950590AG4,3.5867,112.125
2/11/22,950590AG4,3.5517,112.25
2/14/22,950590AG4,3.5495,112.25
2/15/22,950590AG4,3.5473,112.25
2/16/22,950590AG4,3.5451,112.25
2/17/22,950590AG4,3.8679,111
2/18/22,950590AG4,5.1691,106.25
2/21/22,950590AG4,4.5432,108.5
2/22/22,950590AG4,4.8528,107.375
2/23/22,950590AG4,3.9288,110.75
2/24/22,950590AG4,4.5428,108.5
2/25/22,950590AG4,4.5305,108.5
2/28/22,950590AG4,4.4255,108.875
3/1/22,950590AG4,4.4928,108.625
3/2/22,950590AG4,4.8039,107.5
3/3/22,950590AG4,5.2237,106
3/4/22,950590AG4,5.1513,106.25
3/7/22,950590AG4,5.3645,105.5
3/8/22,950590AG4,4.4815,108.625
3/9/22,950590AG4,5.3624,105.5
3/10/22,950590AG4,5.4313,105.25
3/11/22,950590AG4,5.4303,105.25
3/14/22,950590AG4,5.2851,105.75
3/15/22,950590AG4,5.5007,105
3/16/22,950590AG4,5.2828,105.75
3/17/22,950590AG4,4.9214,107
3/18/22,950590AG4,5.2784,105.75
3/21/22,950590AG4,5.2773,105.75
3/22/22,950590AG4,4.4935,108.5
3/23/22,950590AG4,4.4919,108.5
3/24/22,950590AG4,4.5221,108.375
3/25/22,950590AG4,4.4853,108.5
3/28/22,950590AG4,4.5189,108.375
3/29/22,950590AG4,4.408,108.75
3/30/22,950590AG4,4.4821,108.5
3/31/22,950590AG4,4.4771,108.5
4/1/22,950590AG4,4.4755,108.5
4/4/22,950590AG4,4.4738,108.5
4/5/22,950590AG4,4.4016,108.75
4/6/22,950590AG4,4.3999,108.75
4/7/22,950590AG4,4.8942,107
4/8/22,950590AG4,5.0374,106.5
4/11/22,950590AG4,4.8914,107
4/12/22,950590AG4,5.0349,106.5
4/13/22,950590AG4,5.1026,106.25
4/14/22,950590AG4,4.8832,107
4/15/22,950590AG4,4.8832,107
4/18/22,950590AG4,5.3942,105.25
4/19/22,950590AG4,5.1722,106
4/20/22,950590AG4,5.171,106
4/21/22,950590AG4,5.1674,106
4/22/22,950590AG4,5.388,105.25
4/25/22,950590AG4,4.9085,106.875
4/26/22,950590AG4,4.9071,106.875
4/27/22,950590AG4,4.9423,106.75
4/28/22,950590AG4,5.2701,105.625
4/29/22,950590AG4,5.269,105.625
5/2/22,950590AG4,4.5712,108
5/3/22,950590AG4,4.5696,108
5/4/22,950590AG4,4.568,108
5/5/22,950590AG4,4.5631,108
5/6/22,950590AG4,5.2984,105.5
5/9/22,950590AG4,5.2973,105.5
5/10/22,950590AG4,5.6731,104.25
5/11/22,950590AG4,5.6723,104.25
5/12/22,950590AG4,6.3642,102
5/13/22,950590AG4,6.3638,102
5/16/22,950590AG4,5.5539,104.625
5/17/22,950590AG4,6.3631,102
5/18/22,950590AG4,6.0509,103
5/19/22,950590AG4,6.2049,102.5
5/20/22,950590AG4,6.1264,102.75
5/23/22,950590AG4,6.1649,102.625
5/24/22,950590AG4,6.5185,101.5
5/25/22,950590AG4,6.1248,102.75
5/26/22,950590AG4,6.1171,102.75
5/27/22,950590AG4,6.1227,102.75
5/30/22,950590AG4,6.1227,102.75
5/31/22,950590AG4,6.083,102.875
6/1/22,950590AG4,6.0824,102.875
6/2/22,950590AG4,6.0808,102.875
6/3/22,950590AG4,6.0802,102.875
6/6/22,950590AG4,6.0797,102.875
6/7/22,950590AG4,6.0791,102.875
6/8/22,950590AG4,6.0786,102.875
6/9/22,950590AG4,6.0769,102.875
6/10/22,950590AG4,6.2347,102.375
6/13/22,950590AG4,6.4737,101.625
6/14/22,950590AG4,6.4732,101.625
6/15/22,950590AG4,6.4728,101.625
6/16/22,950590AG4,6.4709,101.625
6/17/22,950590AG4,6.4704,101.625
6/20/22,950590AG4,6.4704,101.625
6/21/22,950590AG4,6.47,101.625
6/22/22,950590AG4,6.4695,101.625
6/23/22,950590AG4,6.4681,101.625
6/24/22,950590AG4,6.4676,101.625
6/27/22,950590AG4,6.4672,101.625
6/28/22,950590AG4,6.4667,101.625
6/29/22,950590AG4,6.4662,101.625
6/30/22,950590AG4,6.4644,101.625
7/1/22,950590AG4,6.4639,101.625
7/4/22,950590AG4,6.4639,101.625
7/5/22,950590AG4,6.4635,101.625
7/6/22,950590AG4,6.463,101.625
7/7/22,950590AG4,6.4616,101.625
7/8/22,950590AG4,6.4612,101.625
7/11/22,950590AG4,6.4607,101.625
7/12/22,950590AG4,6.4603,101.625
7/13/22,950590AG4,6.4598,101.625
7/14/22,950590AG4,6.4585,101.625
7/15/22,950590AG4,6.458,101.625
7/18/22,950590AG4,6.4575,101.625
7/19/22,950590AG4,6.4571,101.625
7/20/22,950590AG4,6.4566,101.625
7/21/22,950590AG4,6.4553,101.625
7/22/22,950590AG4,6.4548,101.625
7/25/22,950590AG4,6.4544,101.625
7/26/22,950590AG4,6.4539,101.625
7/27/22,950590AG4,6.4535,101.625
7/28/22,950590AG4,6.4526,101.625
7/29/22,950590AG4,6.4521,101.625
8/1/22,950590AG4,6.5347,101.375
8/2/22,950590AG4,6.6595,101
8/3/22,950590AG4,6.6592,101
8/4/22,950590AG4,6.6164,101.125
8/5/22,950590AG4,6.6161,101.125
8/8/22,950590AG4,6.4485,101.625
8/9/22,950590AG4,6.5735,101.25
8/10/22,950590AG4,6.5731,101.25
8/11/22,950590AG4,6.155,102.5
8/12/22,950590AG4,6.1544,102.5
8/15/22,950590AG4,6.2367,102.25
8/16/22,950590AG4,6.1531,102.5
8/17/22,950590AG4,6.4445,101.625
8/18/22,950590AG4,6.4432,101.625
8/19/22,950590AG4,6.4428,101.625
8/22/22,950590AG4,6.4423,101.625
8/23/22,950590AG4,6.3157,102
8/24/22,950590AG4,6.3152,102
8/25/22,950590AG4,6.3136,102
8/26/22,950590AG4,6.3131,102
8/29/22,950590AG4,6.3065,102
8/30/22,950590AG4,6.3125,102
8/31/22,950590AG4,6.312,102
9/1/22,950590AG4,6.3099,102
9/2/22,950590AG4,6.3094,102
9/5/22,950590AG4,6.3094,102
9/6/22,950590AG4,6.3088,102
9/7/22,950590AG4,6.3932,101.75
9/8/22,950590AG4,6.2219,102.25
9/9/22,950590AG4,6.1789,102.375
9/12/22,950590AG4,6.1783,102.375
9/13/22,950590AG4,6.1776,102.375
9/14/22,950590AG4,6.3046,102
9/15/22,950590AG4,6.303,102
9/16/22,950590AG4,7.0825,99.75
9/19/22,950590AG4,6.7764,100.625
9/20/22,950590AG4,7.0386,99.875
9/21/22,950590AG4,7.0387,99.875
9/22/22,950590AG4,7.0388,99.875
9/23/22,950590AG4,7.0389,99.875
9/26/22,950590AG4,7.0831,99.75
9/27/22,950590AG4,6.9067,100.25
9/28/22,950590AG4,6.9948,100
9/29/22,950590AG4,6.9949,100
9/30/22,950590AG4,6.9949,100
10/3/22,950590AG4,7.1281,99.625
10/4/22,950590AG4,7.1283,99.625
10/5/22,950590AG4,7.0839,99.75
10/6/22,950590AG4,7.0396,99.875
10/7/22,950590AG4,7.0397,99.875
10/10/22,950590AG4,7.0397,99.875
10/11/22,950590AG4,7.1292,99.625
10/12/22,950590AG4,7.1742,99.5
10/13/22,950590AG4,7.04,99.875
10/14/22,950590AG4,7.085,99.75
10/17/22,950590AG4,6.9954,100
10/18/22,950590AG4,7.0852,99.75
10/19/22,950590AG4,7.0853,99.75
10/20/22,950590AG4,7.0406,99.875
10/21/22,950590AG4,7.0858,99.75
10/24/22,950590AG4,6.9507,100.125
10/25/22,950590AG4,6.8608,100.375
10/26/22,950590AG4,7.0862,99.75
10/27/22,950590AG4,6.9437,100.125
10/28/22,950590AG4,6.9508,100.125
10/31/22,950590AG4,7.0413,99.875
11/1/22,950590AG4,6.9508,100.125
11/2/22,950590AG4,6.9508,100.125
11/3/22,950590AG4,6.9056,100.25
11/4/22,950590AG4,6.8603,100.375
11/7/22,950590AG4,6.9056,100.25
11/8/22,950590AG4,6.9966,100
11/9/22,950590AG4,6.9512,100.125
11/10/22,950590AG4,6.9512,100.125
11/11/22,950590AG4,6.9512,100.125
11/14/22,950590AG4,7.0887,99.75
11/15/22,950590AG4,7.0889,99.75
11/16/22,950590AG4,7.089,99.75
11/17/22,950590AG4,7.0895,99.75
11/18/22,950590AG4,6.9975,100
11/21/22,950590AG4,7.1824,99.5
11/22/22,950590AG4,7.1829,99.5
11/23/22,950590AG4,6.9981,100
11/24/22,950590AG4,6.9981,100
11/25/22,950590AG4,6.9982,100
11/28/22,950590AG4,6.9983,100
11/29/22,950590AG4,7.2779,99.25
11/30/22,950590AG4,7.2782,99.25
12/1/22,950590AG4,7.7524,98
12/2/22,950590AG4,7.7532,98
12/5/22,950590AG4,6.999,100
12/6/22,950590AG4,6.9992,100
12/7/22,950590AG4,6.9993,100
12/8/22,950590AG4,6.9996,100
12/9/22,950590AG4,6.9998,100
12/12/22,950590AG4,7.2352,99.375
12/13/22,950590AG4,7.2355,99.375
12/14/22,950590AG4,7.3303,99.125
12/15/22,950590AG4,7.3308,99.125
12/16/22,950590AG4,7.3309,99.125
12/19/22,950590AG4,7.3311,99.125
12/20/22,950590AG4,6.3918,101.625
12/21/22,950590AG4,6.9519,100.125
12/22/22,950590AG4,6.9512,100.125
12/23/22,950590AG4,6.9511,100.125
12/27/22,950590AG4,6.9509,100.125
12/28/22,950590AG4,6.9508,100.125
12/29/22,950590AG4,6.9504,100.125
12/30/22,950590AG4,6.9502,100.125
1/2/23,950590AG4,6.9502,100.125
1/3/23,950590AG4,6.9977,100
1/4/23,950590AG4,6.9976,100
1/5/23,950590AG4,6.9973,100
1/6/23,950590AG4,7.0932,99.75
1/9/23,950590AG4,7.0932,99.75
1/10/23,950590AG4,7.0932,99.75
1/11/23,950590AG4,7.0932,99.75
1/12/23,950590AG4,6.9966,100
1/13/23,950590AG4,7.0931,99.75
1/16/23,950590AG4,7.0931,99.75
1/17/23,950590AG4,7.0931,99.75
1/18/23,950590AG4,7.0931,99.75
1/19/23,950590AG4,7.0931,99.75
1/20/23,950590AG4,7.0931,99.75
1/23/23,950590AG4,7.0931,99.75
1/24/23,950590AG4,7.0931,99.75
1/25/23,950590AG4,7.0932,99.75
1/26/23,950590AG4,7.0932,99.75
1/27/23,950590AG4,7.0856,99.75
1/30/23,950590AG4,7.0932,99.75
1/31/23,950590AG4,7.0932,99.75
2/1/23,950590AG4,7.0933,99.75
2/2/23,950590AG4,7.0933,99.75
2/3/23,950590AG4,7.0933,99.75
2/6/23,950590AG4,7.0442,99.875
2/7/23,950590AG4,7.0442,99.875
2/8/23,950590AG4,7.0934,99.75
2/9/23,950590AG4,7.0935,99.75
2/10/23,950590AG4,7.0936,99.75
2/13/23,950590AG4,7.0936,99.75
2/14/23,950590AG4,7.0936,99.75
2/15/23,950590AG4,7.0937,99.75
2/16/23,950590AG4,7.0939,99.75
2/17/23,950590AG4,7.0939,99.75
2/20/23,950590AG4,7.0939,99.75
2/21/23,950590AG4,7.094,99.75
2/22/23,950590AG4,7.094,99.75
2/23/23,950590AG4,6.9942,100
2/24/23,950590AG4,7.11,99.75
2/27/23,950590AG4,7.0944,99.75
2/28/23,950590AG4,7.1448,99.625
3/1/23,950590AG4,7.0945,99.75
3/2/23,950590AG4,7.0947,99.75
3/3/23,950590AG4,7.0948,99.75
3/6/23,950590AG4,7.0949,99.75
3/7/23,950590AG4,7.095,99.75
3/8/23,950590AG4,7.095,99.75
3/9/23,950590AG4,7.0953,99.75
3/10/23,950590AG4,7.1462,99.625
3/13/23,950590AG4,7.0955,99.75
3/14/23,950590AG4,7.0956,99.75
3/15/23,950590AG4,7.0956,99.75
3/16/23,950590AG4,7.0959,99.75
3/17/23,950590AG4,7.096,99.75
3/20/23,950590AG4,7.0961,99.75
3/21/23,950590AG4,7.0962,99.75
3/22/23,950590AG4,7.0963,99.75
3/23/23,950590AG4,7.0966,99.75
3/24/23,950590AG4,7.0967,99.75
3/27/23,950590AG4,7.0969,99.75
3/28/23,950590AG4,7.097,99.75
3/29/23,950590AG4,7.0889,99.75
3/30/23,950590AG4,7.0973,99.75
3/31/23,950590AG4,7.0974,99.75
4/3/23,950590AG4,7.0976,99.75
4/4/23,950590AG4,7.0977,99.75
4/5/23,950590AG4,7.0982,99.75
4/6/23,950590AG4,7.0983,99.75
4/7/23,950590AG4,7.0983,99.75
4/10/23,950590AG4,6.9943,100
4/11/23,950590AG4,7.0986,99.75
4/12/23,950590AG4,7.0987,99.75
4/13/23,950590AG4,7.0992,99.75
4/14/23,950590AG4,6.9423,100.125
4/17/23,950590AG4,6.9946,100
4/18/23,950590AG4,7.0996,99.75
4/19/23,950590AG4,7.0997,99.75
4/20/23,950590AG4,7.1002,99.75
4/21/23,950590AG4,7.1004,99.75
4/24/23,950590AG4,7.1005,99.75
4/25/23,950590AG4,7.1007,99.75
4/26/23,950590AG4,7.1009,99.75
4/27/23,950590AG4,7.1014,99.75
4/28/23,950590AG4,7.1015,99.75
5/1/23,950590AG4,7.1017,99.75
5/2/23,950590AG4,6.9955,100
5/3/23,950590AG4,7.1021,99.75
5/4/23,950590AG4,7.1026,99.75
5/5/23,950590AG4,7.1028,99.75
5/8/23,950590AG4,6.8893,100.25
5/9/23,950590AG4,7.1032,99.75
5/10/23,950590AG4,7.1034,99.75
5/11/23,950590AG4,7.104,99.75
5/12/23,950590AG4,7.1042,99.75
5/15/23,950590AG4,7.1044,99.75
5/16/23,950590AG4,7.1046,99.75
5/17/23,950590AG4,7.1048,99.75
5/18/23,950590AG4,7.1054,99.75
5/19/23,950590AG4,7.1056,99.75
5/22/23,950590AG4,7.1058,99.75
5/23/23,950590AG4,7.1061,99.75
5/24/23,950590AG4,7.1063,99.75
5/25/23,950590AG4,7.1072,99.75
5/26/23,950590AG4,7.0987,99.75
5/29/23,950590AG4,7.0987,99.75
5/30/23,950590AG4,7.1074,99.75
5/31/23,950590AG4,7.1077,99.75
6/1/23,950590AG4,7.1084,99.75
6/2/23,950590AG4,7.1086,99.75
6/5/23,950590AG4,7.0538,99.875
6/6/23,950590AG4,7.1091,99.75
6/7/23,950590AG4,7.1094,99.75
6/8/23,950590AG4,7.1101,99.75
6/9/23,950590AG4,7.1104,99.75
6/12/23,950590AG4,7.1107,99.75
6/13/23,950590AG4,7.1109,99.75
6/14/23,950590AG4,7.1109,99.75
6/15/23,950590AG4,7.1107,99.75
6/16/23,950590AG4,6.5563,101
6/19/23,950590AG4,6.5563,101
6/20/23,950590AG4,6.9433,100.125
6/21/23,950590AG4,7.3917,99.125
6/22/23,950590AG4,7.3925,99.125
6/23/23,950590AG4,7.1106,99.75
6/26/23,950590AG4,7.3931,99.125
6/27/23,950590AG4,7.1106,99.75
6/28/23,950590AG4,7.1105,99.75
6/29/23,950590AG4,7.1105,99.75
6/30/23,950590AG4,7.1105,99.75
7/3/23,950590AG4,7.1105,99.75
7/4/23,950590AG4,7.1105,99.75
7/5/23,950590AG4,7.0537,99.875
7/6/23,950590AG4,7.1105,99.75
7/7/23,950590AG4,7.1105,99.75
7/10/23,950590AG4,7.1105,99.75
7/11/23,950590AG4,7.1105,99.75
7/12/23,950590AG4,7.1105,99.75
7/13/23,950590AG4,6.5412,101
7/14/23,950590AG4,6.5406,101
7/17/23,950590AG4,7.0532,99.875
7/18/23,950590AG4,7.0531,99.875
7/19/23,950590AG4,6.2564,101.625
7/20/23,950590AG4,6.2538,101.625
7/21/23,950590AG4,6.5366,101
7/24/23,950590AG4,6.7649,100.5
7/25/23,950590AG4,6.8796,100.25
7/26/23,950590AG4,6.8794,100.25
7/27/23,950590AG4,6.8122,100.375
7/28/23,950590AG4,6.8209,100.375
7/31/23,950590AG4,6.5326,101
8/1/23,950590AG4,6.532,101
8/2/23,950590AG4,6.8782,100.25
8/3/23,950590AG4,6.8776,100.25
8/4/23,950590AG4,6.8774,100.25
8/7/23,950590AG4,6.8772,100.25
8/8/23,950590AG4,6.877,100.25
8/9/23,950590AG4,6.8768,100.25
8/10/23,950590AG4,6.8762,100.25
8/11/23,950590AG4,6.8173,100.375
8/14/23,950590AG4,7.1118,99.75
8/15/23,950590AG4,7.1119,99.75
8/16/23,950590AG4,6.6404,100.75
8/17/23,950590AG4,7.1122,99.75
8/18/23,950590AG4,6.7565,100.5
8/21/23,950590AG4,6.7562,100.5
8/22/23,950590AG4,6.6378,100.75
8/23/23,950590AG4,6.5784,100.875
8/24/23,950590AG4,6.6953,100.625
8/25/23,950590AG4,6.6356,100.75
8/28/23,950590AG4,6.6352,100.75
8/29/23,950590AG4,6.5667,100.875
8/30/23,950590AG4,6.5754,100.875
8/31/23,950590AG4,6.5734,100.875
9/1/23,950590AG4,6.5729,100.875
9/4/23,950590AG4,6.5729,100.875
9/5/23,950590AG4,6.5724,100.875
9/6/23,950590AG4,6.6917,100.625
9/7/23,950590AG4,6.6305,100.75
9/8/23,950590AG4,6.6301,100.75
9/11/23,950590AG4,6.6296,100.75
9/12/23,950590AG4,6.6292,100.75
9/13/23,950590AG4,6.6288,100.75
9/14/23,950590AG4,6.6881,100.625
9/15/23,950590AG4,6.6271,100.75
9/18/23,950590AG4,6.6267,100.75
9/19/23,950590AG4,6.6262,100.75
9/20/23,950590AG4,6.6867,100.625
9/21/23,950590AG4,6.6246,100.75
9/22/23,950590AG4,6.6242,100.75
9/25/23,950590AG4,6.6237,100.75
9/26/23,950590AG4,6.6233,100.75
9/27/23,950590AG4,6.6229,100.75
9/28/23,950590AG4,6.6217,100.75
9/29/23,950590AG4,6.6829,100.625
10/2/23,950590AG4,6.7445,100.5
10/3/23,950590AG4,6.7442,100.5
10/4/23,950590AG4,6.6819,100.625
10/5/23,950590AG4,6.6184,100.75
10/6/23,950590AG4,6.6803,100.625
10/9/23,950590AG4,6.5558,100.875
10/10/23,950590AG4,6.6799,100.625
10/11/23,950590AG4,6.6796,100.625
10/12/23,950590AG4,6.7413,100.5
10/13/23,950590AG4,6.6783,100.625
10/16/23,950590AG4,6.678,100.625
10/17/23,950590AG4,6.6776,100.625
10/18/23,950590AG4,6.6773,100.625
10/19/23,950590AG4,6.6763,100.625
10/20/23,950590AG4,6.676,100.625
10/23/23,950590AG4,6.6757,100.625
10/24/23,950590AG4,6.6754,100.625
10/25/23,950590AG4,6.6116,100.75
10/26/23,950590AG4,6.6104,100.75
10/27/23,950590AG4,6.6005,100.75
10/30/23,950590AG4,6.6738,100.625
10/31/23,950590AG4,6.93,100.125
11/1/23,950590AG4,6.5454,100.875
11/2/23,950590AG4,6.7365,100.5
11/3/23,950590AG4,6.93,100.125
11/6/23,950590AG4,7.1249,99.75
11/7/23,950590AG4,6.6069,100.75
11/8/23,950590AG4,6.671,100.625
11/9/23,950590AG4,6.6701,100.625
11/10/23,950590AG4,6.4757,101
11/13/23,950590AG4,7.3904,99.25
11/14/23,950590AG4,6.6692,100.625
11/15/23,950590AG4,6.3446,101.25
11/16/23,950590AG4,7.3934,99.25
11/17/23,950590AG4,7.0623,99.875
11/20/23,950590AG4,6.4713,101
11/21/23,950590AG4,7.3292,99.375
11/22/23,950590AG4,7.3309,99.375
11/23/23,950590AG4,7.3309,99.375
11/24/23,950590AG4,7.3314,99.375
11/27/23,950590AG4,6.9974,100
11/28/23,950590AG4,7.1982,99.625
11/29/23,950590AG4,7.1315,99.75
11/30/23,950590AG4,6.4649,101
12/1/23,950590AG4,7.0655,99.875
12/4/23,950590AG4,7.3361,99.375
12/5/23,950590AG4,6.4633,101
12/6/23,950590AG4,7.2694,99.5
12/7/23,950590AG4,6.3277,101.25
12/8/23,950590AG4,6.4606,101
12/11/23,950590AG4,7.3404,99.375
12/12/23,950590AG4,7.2726,99.5
12/13/23,950590AG4,6.459,101
12/14/23,950590AG4,7.2049,99.625
12/15/23,950590AG4,7.205,99.625
12/18/23,950590AG4,7.1363,99.75
12/1/21,674599BM6,4.5154,114.625
12/2/21,674599BM6,4.5125,114.625
12/3/21,674599BM6,4.5116,114.625
12/6/21,674599BM6,4.5106,114.625
12/7/21,674599BM6,3.8872,118.375
12/8/21,674599BM6,4.4454,115
12/9/21,674599BM6,4.4424,115
12/10/21,674599BM6,4.4414,115
12/13/21,674599BM6,4.6531,113.75
12/14/21,674599BM6,5.4194,109.375
12/15/21,674599BM6,5.4187,109.375
12/16/21,674599BM6,4.9515,112
12/17/21,674599BM6,4.9507,112
12/20/21,674599BM6,4.9499,112
12/21/21,674599BM6,4.6244,113.875
12/22/21,674599BM6,4.9702,111.875
12/23/21,674599BM6,4.7068,113.375
12/24/21,674599BM6,4.7059,113.375
12/27/21,674599BM6,4.0284,117.375
12/28/21,674599BM6,4.0066,117.5
12/29/21,674599BM6,3.9826,117.625
12/30/21,674599BM6,3.9825,117.625
12/31/21,674599BM6,4.0228,117.375
1/3/22,674599BM6,4.0424,117.25
1/4/22,674599BM6,4.1875,116.375
1/5/22,674599BM6,4.3339,115.5
1/6/22,674599BM6,4.1832,116.375
1/7/22,674599BM6,4.4576,114.75
1/10/22,674599BM6,4.6285,113.75
1/11/22,674599BM6,4.6276,113.75
1/12/22,674599BM6,4.4333,114.875
1/13/22,674599BM6,4.5151,114.375
1/14/22,674599BM6,4.6655,113.5
1/17/22,674599BM6,4.6655,113.5
1/18/22,674599BM6,4.7081,113.25
1/19/22,674599BM6,4.577,114
1/20/22,674599BM6,4.5742,114
1/24/22,674599BM6,4.5723,114
1/25/22,674599BM6,4.7895,112.75
1/26/22,674599BM6,4.7886,112.75
1/27/22,674599BM6,4.7834,112.75
1/28/22,674599BM6,5.0075,111.5
1/31/22,674599BM6,4.9621,111.75
2/1/22,674599BM6,4.7404,113
2/2/22,674599BM6,4.8276,112.5
2/3/22,674599BM6,4.9137,112
2/4/22,674599BM6,5.002,111.5
2/7/22,674599BM6,5.0012,111.5
2/8/22,674599BM6,5.0677,111.125
2/9/22,674599BM6,5.0221,111.375
2/10/22,674599BM6,5.2683,110
2/11/22,674599BM6,5.359,109.5
2/14/22,674599BM6,5.4502,109
2/15/22,674599BM6,5.542,108.5
2/16/22,674599BM6,5.403,109.25
2/17/22,674599BM6,5.4004,109.25
2/18/22,674599BM6,5.3998,109.25
2/21/22,674599BM6,5.3998,109.25
2/22/22,674599BM6,5.3992,109.25
2/23/22,674599BM6,5.3986,109.25
2/24/22,674599BM6,5.4955,108.75
2/25/22,674599BM6,5.3717,109.375
2/28/22,674599BM6,5.3711,109.375
3/1/22,674599BM6,5.3704,109.375
3/2/22,674599BM6,5.1404,110.625
3/3/22,674599BM6,5.1382,110.625
3/4/22,674599BM6,5.321,109.625
3/7/22,674599BM6,5.1596,110.5
3/8/22,674599BM6,5.2506,110
3/9/22,674599BM6,5.273,109.875
3/10/22,674599BM6,5.3866,109.25
3/11/22,674599BM6,5.386,109.25
3/14/22,674599BM6,5.5253,108.5
3/15/22,674599BM6,5.1998,110.25
3/16/22,674599BM6,5.1303,110.625
3/17/22,674599BM6,5.4756,108.75
3/18/22,674599BM6,5.2194,110.125
3/21/22,674599BM6,5.3809,109.25
3/22/22,674599BM6,5.5207,108.5
3/23/22,674599BM6,5.5201,108.5
3/24/22,674599BM6,5.1,110.75
3/25/22,674599BM6,5.565,108.25
3/28/22,674599BM6,5.6354,107.875
3/29/22,674599BM6,5.6317,107.875
3/30/22,674599BM6,5.3759,109.25
3/31/22,674599BM6,5.3737,109.25
4/1/22,674599BM6,5.373,109.25
4/4/22,674599BM6,5.3723,109.25
4/5/22,674599BM6,5.3715,109.25
4/6/22,674599BM6,5.4648,108.75
4/7/22,674599BM6,5.4391,108.875
4/8/22,674599BM6,5.4149,109
4/11/22,674599BM6,5.4141,109
4/12/22,674599BM6,5.5553,108.25
4/13/22,674599BM6,5.5526,108.25
4/14/22,674599BM6,5.4571,108.75
4/15/22,674599BM6,5.4571,108.75
4/18/22,674599BM6,5.599,108
4/19/22,674599BM6,5.6222,107.875
4/20/22,674599BM6,5.5024,108.5
4/21/22,674599BM6,5.6197,107.875
4/22/22,674599BM6,5.619,107.875
4/25/22,674599BM6,5.6184,107.875
4/26/22,674599BM6,5.5938,108
4/27/22,674599BM6,5.8829,106.5
4/28/22,674599BM6,5.8813,106.5
4/29/22,674599BM6,5.8807,106.5
5/2/22,674599BM6,6.0765,105.5
5/3/22,674599BM6,6.076,105.5
5/4/22,674599BM6,5.9771,106
5/5/22,674599BM6,5.9756,106
5/6/22,674599BM6,5.9751,106
5/9/22,674599BM6,6.2973,104.375
5/10/22,674599BM6,6.2719,104.5
5/11/22,674599BM6,6.2715,104.5
5/12/22,674599BM6,6.2704,104.5
5/13/22,674599BM6,6.27,104.5
5/16/22,674599BM6,5.9711,106
5/17/22,674599BM6,5.9706,106
5/18/22,674599BM6,5.9701,106
5/19/22,674599BM6,5.9686,106
5/20/22,674599BM6,5.9681,106
5/23/22,674599BM6,6.1666,105
5/24/22,674599BM6,6.1661,105
5/25/22,674599BM6,6.1657,105
5/26/22,674599BM6,6.261,104.5
5/27/22,674599BM6,5.9646,106
5/30/22,674599BM6,5.9646,106
5/31/22,674599BM6,5.9641,106
6/1/22,674599BM6,5.9636,106
6/2/22,674599BM6,5.9621,106
6/3/22,674599BM6,5.9616,106
6/6/22,674599BM6,5.9611,106
6/7/22,674599BM6,5.9607,106
6/8/22,674599BM6,6.01,105.75
6/9/22,674599BM6,6.4383,103.625
6/10/22,674599BM6,6.438,103.625
6/13/22,674599BM6,6.592,102.875
6/14/22,674599BM6,6.5918,102.875
6/15/22,674599BM6,6.7213,102.25
6/16/22,674599BM6,6.513,103.25
6/17/22,674599BM6,6.5128,103.25
6/20/22,674599BM6,6.5128,103.25
6/21/22,674599BM6,6.5125,103.25
6/22/22,674599BM6,6.5122,103.25
6/23/22,674599BM6,6.7718,102
6/24/22,674599BM6,6.7716,102
6/27/22,674599BM6,6.3563,104
6/28/22,674599BM6,6.8239,101.75
6/29/22,674599BM6,7.0892,100.5
6/30/22,674599BM6,6.7179,102.25
7/1/22,674599BM6,6.7177,102.25
7/4/22,674599BM6,6.7177,102.25
7/5/22,674599BM6,6.7175,102.25
7/6/22,674599BM6,6.7173,102.25
7/7/22,674599BM6,7.0888,100.5
7/8/22,674599BM6,7.0888,100.5
7/11/22,674599BM6,7.0888,100.5
7/12/22,674599BM6,6.9815,101
7/13/22,674599BM6,6.9814,101
7/14/22,674599BM6,6.9812,101
7/15/22,674599BM6,6.9811,101
7/18/22,674599BM6,6.9811,101
7/19/22,674599BM6,6.981,101
7/20/22,674599BM6,6.9809,101
7/21/22,674599BM6,6.9807,101
7/22/22,674599BM6,6.4515,103.5
7/25/22,674599BM6,6.4512,103.5
7/26/22,674599BM6,6.4509,103.5
7/27/22,674599BM6,6.4507,103.5
7/28/22,674599BM6,6.4501,103.5
7/29/22,674599BM6,5.6077,107.625
8/1/22,674599BM6,5.2615,109.375
8/2/22,674599BM6,5.2607,109.375
8/3/22,674599BM6,5.26,109.375
8/4/22,674599BM6,6.0339,105.5
8/5/22,674599BM6,6.0335,105.5
8/8/22,674599BM6,6.033,105.5
8/9/22,674599BM6,6.0326,105.5
8/10/22,674599BM6,6.0321,105.5
8/11/22,674599BM6,6.0308,105.5
8/12/22,674599BM6,6.0304,105.5
8/15/22,674599BM6,6.0299,105.5
8/16/22,674599BM6,5.2501,109.375
8/17/22,674599BM6,5.2493,109.375
8/18/22,674599BM6,5.2471,109.375
8/19/22,674599BM6,5.2463,109.375
8/22/22,674599BM6,5.2455,109.375
8/23/22,674599BM6,5.2448,109.375
8/24/22,674599BM6,5.8719,106.25
8/25/22,674599BM6,5.2417,109.375
8/26/22,674599BM6,5.241,109.375
8/29/22,674599BM6,5.237,109.375
8/30/22,674599BM6,5.2402,109.375
8/31/22,674599BM6,5.564,107.75
9/1/22,674599BM6,5.8413,106.375
9/2/22,674599BM6,5.8408,106.375
9/5/22,674599BM6,5.8408,106.375
9/6/22,674599BM6,5.2349,109.375
9/7/22,674599BM6,5.2341,109.375
9/8/22,674599BM6,5.2318,109.375
9/9/22,674599BM6,5.231,109.375
9/12/22,674599BM6,5.2303,109.375
9/13/22,674599BM6,5.2295,109.375
9/14/22,674599BM6,5.2287,109.375
9/15/22,674599BM6,5.2264,109.375
9/16/22,674599BM6,5.2257,109.375
9/19/22,674599BM6,5.2249,109.375
9/20/22,674599BM6,5.2241,109.375
9/21/22,674599BM6,5.2234,109.375
9/22/22,674599BM6,5.2211,109.375
9/23/22,674599BM6,5.2203,109.375
9/26/22,674599BM6,5.2195,109.375
9/27/22,674599BM6,5.2188,109.375
9/28/22,674599BM6,5.218,109.375
9/29/22,674599BM6,6.9776,101
9/30/22,674599BM6,6.9223,101.25
10/3/22,674599BM6,6.8122,101.75
10/4/22,674599BM6,6.812,101.75
10/5/22,674599BM6,6.8118,101.75
10/6/22,674599BM6,6.7014,102.25
10/7/22,674599BM6,6.7558,102
10/10/22,674599BM6,6.7558,102
10/11/22,674599BM6,6.9206,101.25
10/12/22,674599BM6,6.9205,101.25
10/13/22,674599BM6,6.9199,101.25
10/14/22,674599BM6,6.9197,101.25
10/17/22,674599BM6,6.9196,101.25
10/18/22,674599BM6,6.8088,101.75
10/19/22,674599BM6,6.8086,101.75
10/20/22,674599BM6,6.9743,101
10/21/22,674599BM6,6.9741,101
10/24/22,674599BM6,6.8628,101.5
10/25/22,674599BM6,6.7521,102
10/26/22,674599BM6,6.642,102.5
10/27/22,674599BM6,6.637,102.5
10/28/22,674599BM6,6.6411,102.5
10/31/22,674599BM6,6.6408,102.5
11/1/22,674599BM6,6.4766,103.25
11/2/22,674599BM6,6.4219,103.5
11/3/22,674599BM6,6.6394,102.5
11/4/22,674599BM6,6.6392,102.5
11/7/22,674599BM6,6.6389,102.5
11/8/22,674599BM6,6.5836,102.75
11/9/22,674599BM6,6.7204,102.125
11/10/22,674599BM6,6.4724,103.25
11/11/22,674599BM6,6.4724,103.25
11/14/22,674599BM6,6.4721,103.25
11/15/22,674599BM6,6.4171,103.5
11/16/22,674599BM6,6.4167,103.5
11/17/22,674599BM6,6.4156,103.5
11/18/22,674599BM6,6.4152,103.5
11/21/22,674599BM6,6.4149,103.5
11/22/22,674599BM6,6.3595,103.75
11/23/22,674599BM6,6.3583,103.75
11/24/22,674599BM6,6.3583,103.75
11/25/22,674599BM6,6.3579,103.75
11/28/22,674599BM6,6.3575,103.75
11/29/22,674599BM6,6.3298,103.875
11/30/22,674599BM6,6.3568,103.75
12/1/22,674599BM6,6.1375,104.75
12/2/22,674599BM6,6.1371,104.75
12/5/22,674599BM6,6.1366,104.75
12/6/22,674599BM6,6.1905,104.5
12/7/22,674599BM6,6.1356,104.75
12/8/22,674599BM6,6.1342,104.75
12/9/22,674599BM6,6.1337,104.75
12/12/22,674599BM6,6.0248,105.25
12/13/22,674599BM6,5.9163,105.75
12/14/22,674599BM6,5.9697,105.5
12/15/22,674599BM6,6.0765,105
12/16/22,674599BM6,6.076,105
12/19/22,674599BM6,6.2394,104.25
12/20/22,674599BM6,6.294,104
12/21/22,674599BM6,6.2386,104.25
12/22/22,674599BM6,6.2369,104.25
12/23/22,674599BM6,6.2365,104.25
12/27/22,674599BM6,6.2912,104
12/28/22,674599BM6,6.2908,104
12/29/22,674599BM6,6.345,103.75
12/30/22,674599BM6,6.3447,103.75
1/2/23,674599BM6,6.3447,103.75
1/3/23,674599BM6,6.0685,105
1/4/23,674599BM6,6.068,105
1/5/23,674599BM6,6.0666,105
1/6/23,674599BM6,5.9022,105.75
1/9/23,674599BM6,5.9016,105.75
1/10/23,674599BM6,5.7384,106.5
1/11/23,674599BM6,5.6838,106.75
1/12/23,674599BM6,5.6812,106.75
1/13/23,674599BM6,5.5193,107.5
1/16/23,674599BM6,5.5193,107.5
1/17/23,674599BM6,5.5186,107.5
1/18/23,674599BM6,5.5178,107.5
1/19/23,674599BM6,5.5156,107.5
1/20/23,674599BM6,5.5149,107.5
1/23/23,674599BM6,5.5142,107.5
1/24/23,674599BM6,5.5672,107.25
1/25/23,674599BM6,5.5665,107.25
1/26/23,674599BM6,5.5105,107.5
1/27/23,674599BM6,5.5062,107.5
1/30/23,674599BM6,5.5098,107.5
1/31/23,674599BM6,5.509,107.5
2/1/23,674599BM6,5.5083,107.5
2/2/23,674599BM6,5.5061,107.5
2/3/23,674599BM6,5.9974,105.25
2/6/23,674599BM6,6.7886,101.75
2/7/23,674599BM6,6.9042,101.25
2/8/23,674599BM6,7.0207,100.75
2/9/23,674599BM6,7.0792,100.5
2/10/23,674599BM6,7.0792,100.5
2/13/23,674599BM6,7.0792,100.5
2/14/23,674599BM6,7.3755,99.25
2/15/23,674599BM6,7.3756,99.25
2/16/23,674599BM6,7.436,99
2/17/23,674599BM6,7.4362,99
2/20/23,674599BM6,7.4362,99
2/21/23,674599BM6,7.7391,97.75
2/22/23,674599BM6,7.3765,99.25
2/23/23,674599BM6,7.317,99.5
2/24/23,674599BM6,7.3269,99.5
2/27/23,674599BM6,7.3174,99.5
2/28/23,674599BM6,7.4378,99
3/1/23,674599BM6,7.438,99
3/2/23,674599BM6,7.4385,99
3/3/23,674599BM6,7.56,98.5
3/6/23,674599BM6,7.5602,98.5
3/7/23,674599BM6,7.5605,98.5
3/8/23,674599BM6,7.4998,98.75
3/9/23,674599BM6,7.5614,98.5
3/10/23,674599BM6,7.3793,99.25
3/13/23,674599BM6,7.1988,100
3/14/23,674599BM6,7.1988,100
3/15/23,674599BM6,7.1989,100
3/16/23,674599BM6,7.1991,100
3/17/23,674599BM6,7.1992,100
3/20/23,674599BM6,7.1993,100
3/21/23,674599BM6,7.1993,100
3/22/23,674599BM6,7.0793,100.5
3/23/23,674599BM6,7.0794,100.5
3/24/23,674599BM6,7.0794,100.5
3/27/23,674599BM6,7.0795,100.5
3/28/23,674599BM6,7.0795,100.5
3/29/23,674599BM6,6.8955,101.25
3/30/23,674599BM6,6.8997,101.25
3/31/23,674599BM6,6.7807,101.75
4/3/23,674599BM6,6.7804,101.75
4/4/23,674599BM6,6.603,102.5
4/5/23,674599BM6,6.6016,102.5
4/6/23,674599BM6,6.6013,102.5
4/7/23,674599BM6,6.6013,102.5
4/10/23,674599BM6,6.6009,102.5
4/11/23,674599BM6,6.2499,104
4/12/23,674599BM6,6.0763,104.75
4/13/23,674599BM6,6.0746,104.75
4/14/23,674599BM6,6.074,104.75
4/17/23,674599BM6,6.3051,103.75
4/18/23,674599BM6,6.5391,102.75
4/19/23,674599BM6,6.5387,102.75
4/20/23,674599BM6,6.5968,102.5
4/21/23,674599BM6,6.5965,102.5
4/24/23,674599BM6,6.5961,102.5
4/25/23,674599BM6,6.5958,102.5
4/26/23,674599BM6,6.5954,102.5
4/27/23,674599BM6,6.5944,102.5
4/28/23,674599BM6,6.5941,102.5
5/1/23,674599BM6,6.5938,102.5
5/2/23,674599BM6,6.5934,102.5
5/3/23,674599BM6,6.5931,102.5
5/4/23,674599BM6,6.5921,102.5
5/5/23,674599BM6,6.2369,104
5/8/23,674599BM6,6.2364,104
5/9/23,674599BM6,6.2359,104
5/10/23,674599BM6,6.2354,104
5/11/23,674599BM6,6.6497,102.25
5/12/23,674599BM6,6.7698,101.75
5/15/23,674599BM6,6.7696,101.75
5/16/23,674599BM6,6.203,104.125
5/17/23,674599BM6,6.1731,104.25
5/18/23,674599BM6,6.1715,104.25
5/19/23,674599BM6,6.171,104.25
5/22/23,674599BM6,6.1705,104.25
5/23/23,674599BM6,6.3177,103.625
5/24/23,674599BM6,6.258,103.875
5/25/23,674599BM6,6.4049,103.25
5/26/23,674599BM6,6.4001,103.25
5/29/23,674599BM6,6.4001,103.25
5/30/23,674599BM6,6.226,104
5/31/23,674599BM6,6.2255,104
6/1/23,674599BM6,6.0467,104.75
6/2/23,674599BM6,6.1051,104.5
6/5/23,674599BM6,6.1045,104.5
6/6/23,674599BM6,6.2225,104
6/7/23,674599BM6,6.222,104
6/8/23,674599BM6,6.2205,104
6/9/23,674599BM6,6.2201,104
6/12/23,674599BM6,6.2196,104
6/13/23,674599BM6,6.2191,104
6/14/23,674599BM6,6.2186,104
6/15/23,674599BM6,6.2166,104
6/16/23,674599BM6,6.2461,103.875
6/19/23,674599BM6,6.2461,103.875
6/20/23,674599BM6,6.4867,102.875
6/21/23,674599BM6,6.4864,102.875
6/22/23,674599BM6,6.4853,102.875
6/23/23,674599BM6,6.4849,102.875
6/26/23,674599BM6,6.4858,102.87
6/27/23,674599BM6,6.5757,102.5
6/28/23,674599BM6,6.5754,102.5
6/29/23,674599BM6,6.5745,102.5
6/30/23,674599BM6,6.6045,102.375
7/3/23,674599BM6,6.6042,102.375
7/4/23,674599BM6,6.6042,102.375
7/5/23,674599BM6,6.4204,103.125
7/6/23,674599BM6,6.4193,103.125
7/7/23,674599BM6,6.4189,103.125
7/10/23,674599BM6,6.6951,102
7/11/23,674599BM6,6.633,102.25
7/12/23,674599BM6,6.6328,102.25
7/13/23,674599BM6,6.4473,103
7/14/23,674599BM6,6.4469,103
7/17/23,674599BM6,6.4465,103
7/18/23,674599BM6,6.4462,103
7/19/23,674599BM6,6.1458,104.23
7/20/23,674599BM6,6.261,103.75
7/21/23,674599BM6,6.506,102.75
7/24/23,674599BM6,6.5057,102.75
7/25/23,674599BM6,6.5054,102.75
7/26/23,674599BM6,6.505,102.75
7/27/23,674599BM6,6.4995,102.75
7/28/23,674599BM6,6.5041,102.75
7/31/23,674599BM6,6.4073,103.14
8/1/23,674599BM6,6.407,103.14
8/2/23,674599BM6,6.5254,102.66
8/3/23,674599BM6,6.5245,102.66
8/4/23,674599BM6,6.5242,102.66
8/7/23,674599BM6,6.4097,103.12
8/8/23,674599BM6,6.4093,103.12
8/9/23,674599BM6,6.409,103.12
8/10/23,674599BM6,6.4079,103.12
8/11/23,674599BM6,6.4075,103.12
8/14/23,674599BM6,6.4072,103.12
8/15/23,674599BM6,6.5615,102.5
8/16/23,674599BM6,6.6239,102.25
8/17/23,674599BM6,6.6547,102.125
8/18/23,674599BM6,6.6544,102.125
8/21/23,674599BM6,6.706,101.92
8/22/23,674599BM6,6.7172,101.875
8/23/23,674599BM6,6.6096,102.3
8/24/23,674599BM6,6.6088,102.3
8/25/23,674599BM6,6.6794,102.02
8/28/23,674599BM6,6.6792,102.02
8/29/23,674599BM6,6.6665,102.05
8/30/23,674599BM6,6.6714,102.05
8/31/23,674599BM6,6.5085,102.69
9/1/23,674599BM6,6.5082,102.69
9/4/23,674599BM6,6.5082,102.69
9/5/23,674599BM6,6.6193,102.25
9/6/23,674599BM6,6.619,102.25
9/7/23,674599BM6,6.682,102
9/8/23,674599BM6,6.6818,102
9/11/23,674599BM6,6.6816,102
9/12/23,674599BM6,6.6814,102
9/13/23,674599BM6,6.6812,102
9/14/23,674599BM6,6.6806,102
9/15/23,674599BM6,6.7125,101.875
9/18/23,674599BM6,6.7123,101.875
9/19/23,674599BM6,6.7121,101.875
9/20/23,674599BM6,6.7119,101.875
9/21/23,674599BM6,6.7436,101.75
9/22/23,674599BM6,6.7434,101.75
9/25/23,674599BM6,6.7433,101.75
9/26/23,674599BM6,6.7431,101.75
9/27/23,674599BM6,6.7753,101.625
9/28/23,674599BM6,6.7747,101.625
9/29/23,674599BM6,6.7744,101.625
10/2/23,674599BM6,6.7741,101.625
10/3/23,674599BM6,6.9366,101
10/4/23,674599BM6,6.9364,101
10/5/23,674599BM6,6.9355,101
10/6/23,674599BM6,6.8045,101.5
10/9/23,674599BM6,6.7394,101.75
10/10/23,674599BM6,6.7391,101.75
10/11/23,674599BM6,6.7388,101.75
10/12/23,674599BM6,6.7705,101.625
10/13/23,674599BM6,6.7702,101.625
10/16/23,674599BM6,6.7699,101.625
10/17/23,674599BM6,6.9414,100.97
10/18/23,674599BM6,6.9412,100.97
10/19/23,674599BM6,7.065,100.5
10/20/23,674599BM6,7.0649,100.5
10/23/23,674599BM6,7.0648,100.5
10/24/23,674599BM6,6.9321,101
10/25/23,674599BM6,6.9319,101
10/26/23,674599BM6,6.9312,101
10/27/23,674599BM6,6.8598,101.25
10/30/23,674599BM6,6.8649,101.25
10/31/23,674599BM6,6.8594,101.27
11/1/23,674599BM6,6.8168,101.43
11/2/23,674599BM6,6.7976,101.5
11/3/23,674599BM6,6.5346,102.5
11/6/23,674599BM6,6.5682,102.37
11/7/23,674599BM6,6.5665,102.375
11/8/23,674599BM6,6.5661,102.375
11/9/23,674599BM6,6.5453,102.45
11/10/23,674599BM6,6.6303,102.125
11/13/23,674599BM6,6.6629,102
11/14/23,674599BM6,6.4001,103
11/15/23,674599BM6,6.3997,103
11/16/23,674599BM6,6.3983,103
11/17/23,674599BM6,6.3978,103
11/20/23,674599BM6,6.3973,103
11/21/23,674599BM6,6.4016,102.98
11/22/23,674599BM6,6.3622,103.125
11/23/23,674599BM6,6.3622,103.125
11/24/23,674599BM6,6.3617,103.125
11/27/23,674599BM6,6.3284,103.25
11/28/23,674599BM6,6.1973,103.75
11/29/23,674599BM6,6.1395,103.97
11/30/23,674599BM6,6.195,103.75
12/1/23,674599BM6,6.0967,104.125
12/4/23,674599BM6,6.0961,104.125
12/5/23,674599BM6,6.0681,104.23
12/6/23,674599BM6,6.0675,104.23
12/7/23,674599BM6,6.0655,104.23
12/8/23,674599BM6,6.1576,103.875
12/11/23,674599BM6,6.1571,103.875
12/12/23,674599BM6,6.1565,103.875
12/13/23,674599BM6,6.1559,103.875
12/14/23,674599BM6,6.1541,103.875
12/15/23,674599BM6,6.1535,103.875
12/18/23,674599BM6,5.8772,104.93